intersection_name,intersection_type,scenario,ped_estimation_type,lighting_cmf,twltl_cmf,bulbout_cmf,signal_cmf,school_cmf,pedvol,nlanes,aadt_maj,aadt_minor,nbi_mv,nbi_sv,nbi_all,nped_base,cmf_veh,cmf_ped,ped_factor,pred_veh,pred_ped,long_run_ped_prob,years,long_run_ped_percent
Agate & Mesa,3st,Before - Indirect,indirect,true,true,false,false,false,,,11000,352.0,0.5343847971942502,0.09723310761773793,0.6316179048119882,0.013263976001051753,0.8372,1.0,0.021,0.5287905099085966,0.011104600708080527,0.011043172219507569,1,1.1
Agate & Mesa,3st,Before - Indirect,indirect,true,true,false,false,false,,,11000,352.0,0.5343847971942502,0.09723310761773793,0.6316179048119882,0.013263976001051753,0.8372,1.0,0.021,0.5287905099085966,0.011104600708080527,0.021964392786345432,2,2.2
Agate & Mesa,3st,Before - Indirect,indirect,true,true,false,false,false,,,11000,352.0,0.5343847971942502,0.09723310761773793,0.6316179048119882,0.013263976001051753,0.8372,1.0,0.021,0.5287905099085966,0.011104600708080527,0.032765008433616405,3,3.28
Agate & Mesa,3st,Before - Indirect,indirect,true,true,false,false,false,,,11000,352.0,0.5343847971942502,0.09723310761773793,0.6316179048119882,0.013263976001051753,0.8372,1.0,0.021,0.5287905099085966,0.011104600708080527,0.043446351022217944,4,4.34
Agate & Mesa,3st,Before - Indirect,indirect,true,true,false,false,false,,,11000,352.0,0.5343847971942502,0.09723310761773793,0.6316179048119882,0.013263976001051753,0.8372,1.0,0.021,0.5287905099085966,0.011104600708080527,0.05400973770507789,5,5.4
Agate & Mesa,3st,Before - Indirect,indirect,true,true,false,false,false,,,11000,352.0,0.5343847971942502,0.09723310761773793,0.6316179048119882,0.013263976001051753,0.8372,1.0,0.021,0.5287905099085966,0.011104600708080527,0.06445647108957786,6,6.45
Agate & Mesa,3st,Before - Indirect,indirect,true,true,false,false,false,,,11000,352.0,0.5343847971942502,0.09723310761773793,0.6316179048119882,0.013263976001051753,0.8372,1.0,0.021,0.5287905099085966,0.011104600708080527,0.07478783939818145,7,7.48
Agate & Mesa,3st,Before - Indirect,indirect,true,true,false,false,false,,,11000,352.0,0.5343847971942502,0.09723310761773793,0.6316179048119882,0.013263976001051753,0.8372,1.0,0.021,0.5287905099085966,0.011104600708080527,0.08500511662729004,8,8.5
Agate & Mesa,3st,Before - Indirect,indirect,true,true,false,false,false,,,11000,352.0,0.5343847971942502,0.09723310761773793,0.6316179048119882,0.013263976001051753,0.8372,1.0,0.021,0.5287905099085966,0.011104600708080527,0.09510956270434312,9,9.51
Agate & Mesa,3st,Before - Indirect,indirect,true,true,false,false,false,,,11000,352.0,0.5343847971942502,0.09723310761773793,0.6316179048119882,0.013263976001051753,0.8372,1.0,0.021,0.5287905099085966,0.011104600708080527,0.10510242364318456,10,10.51
Agate & Mesa,3st,Before - Indirect,indirect,true,true,false,false,false,,,11000,352.0,0.5343847971942502,0.09723310761773793,0.6316179048119882,0.013263976001051753,0.8372,1.0,0.021,0.5287905099085966,0.011104600708080527,0.11498493169771273,11,11.5
Agate & Mesa,3st,Before - Indirect,indirect,true,true,false,false,false,,,11000,352.0,0.5343847971942502,0.09723310761773793,0.6316179048119882,0.013263976001051753,0.8372,1.0,0.021,0.5287905099085966,0.011104600708080527,0.12475830551383416,12,12.48
Agate & Mesa,3st,Before - Indirect,indirect,true,true,false,false,false,,,11000,352.0,0.5343847971942502,0.09723310761773793,0.6316179048119882,0.013263976001051753,0.8372,1.0,0.021,0.5287905099085966,0.011104600708080527,0.13442375027973852,13,13.44
Agate & Mesa,3st,Before - Indirect,indirect,true,true,false,false,false,,,11000,352.0,0.5343847971942502,0.09723310761773793,0.6316179048119882,0.013263976001051753,0.8372,1.0,0.021,0.5287905099085966,0.011104600708080527,0.1439824578745148,14,14.4
Agate & Mesa,3st,Before - Indirect,indirect,true,true,false,false,false,,,11000,352.0,0.5343847971942502,0.09723310761773793,0.6316179048119882,0.013263976001051753,0.8372,1.0,0.021,0.5287905099085966,0.011104600708080527,0.15343560701512615,15,15.34
Agate & Mesa,3st,Before - Indirect,indirect,true,true,false,false,false,,,11000,352.0,0.5343847971942502,0.09723310761773793,0.6316179048119882,0.013263976001051753,0.8372,1.0,0.021,0.5287905099085966,0.011104600708080527,0.16278436340176095,16,16.28
Agate & Mesa,3st,Before - Indirect,indirect,true,true,false,false,false,,,11000,352.0,0.5343847971942502,0.09723310761773793,0.6316179048119882,0.013263976001051753,0.8372,1.0,0.021,0.5287905099085966,0.011104600708080527,0.17202987986157992,17,17.2
Agate & Mesa,3st,Before - Indirect,indirect,true,true,false,false,false,,,11000,352.0,0.5343847971942502,0.09723310761773793,0.6316179048119882,0.013263976001051753,0.8372,1.0,0.021,0.5287905099085966,0.011104600708080527,0.18117329649087488,18,18.12
Agate & Mesa,3st,Before - Indirect,indirect,true,true,false,false,false,,,11000,352.0,0.5343847971942502,0.09723310761773793,0.6316179048119882,0.013263976001051753,0.8372,1.0,0.021,0.5287905099085966,0.011104600708080527,0.19021574079565784,19,19.02
Agate & Mesa,3st,Before - Indirect,indirect,true,true,false,false,false,,,11000,352.0,0.5343847971942502,0.09723310761773793,0.6316179048119882,0.013263976001051753,0.8372,1.0,0.021,0.5287905099085966,0.011104600708080527,0.19915832783069765,20,19.92
Agate & Mesa,3st,Before - Indirect,indirect,true,true,false,false,false,,,11000,352.0,0.5343847971942502,0.09723310761773793,0.6316179048119882,0.013263976001051753,0.8372,1.0,0.021,0.5287905099085966,0.011104600708080527,0.20800216033702168,21,20.8
Agate & Mesa,3st,Before - Indirect,indirect,true,true,false,false,false,,,11000,352.0,0.5343847971942502,0.09723310761773793,0.6316179048119882,0.013263976001051753,0.8372,1.0,0.021,0.5287905099085966,0.011104600708080527,0.21674832887789786,22,21.67
Agate & Mesa,3st,Before - Indirect,indirect,true,true,false,false,false,,,11000,352.0,0.5343847971942502,0.09723310761773793,0.6316179048119882,0.013263976001051753,0.8372,1.0,0.021,0.5287905099085966,0.011104600708080527,0.22539791197331638,23,22.54
Agate & Mesa,3st,Before - Indirect,indirect,true,true,false,false,false,,,11000,352.0,0.5343847971942502,0.09723310761773793,0.6316179048119882,0.013263976001051753,0.8372,1.0,0.021,0.5287905099085966,0.011104600708080527,0.23395197623298514,24,23.4
Agate & Mesa,3st,Before - Indirect,indirect,true,true,false,false,false,,,11000,352.0,0.5343847971942502,0.09723310761773793,0.6316179048119882,0.013263976001051753,0.8372,1.0,0.021,0.5287905099085966,0.011104600708080527,0.24241157648785772,25,24.24
Agate & Mesa,3st,Before - Indirect,indirect,true,true,false,false,false,,,11000,352.0,0.5343847971942502,0.09723310761773793,0.6316179048119882,0.013263976001051753,0.8372,1.0,0.021,0.5287905099085966,0.011104600708080527,0.25077775592020746,26,25.08
Agate & Mesa,3st,Before - Indirect,indirect,true,true,false,false,false,,,11000,352.0,0.5343847971942502,0.09723310761773793,0.6316179048119882,0.013263976001051753,0.8372,1.0,0.021,0.5287905099085966,0.011104600708080527,0.25905154619226656,27,25.91
Agate & Mesa,3st,Before - Indirect,indirect,true,true,false,false,false,,,11000,352.0,0.5343847971942502,0.09723310761773793,0.6316179048119882,0.013263976001051753,0.8372,1.0,0.021,0.5287905099085966,0.011104600708080527,0.2672339675734432,28,26.72
Agate & Mesa,3st,Before - Indirect,indirect,true,true,false,false,false,,,11000,352.0,0.5343847971942502,0.09723310761773793,0.6316179048119882,0.013263976001051753,0.8372,1.0,0.021,0.5287905099085966,0.011104600708080527,0.2753260290661349,29,27.53
Agate & Mesa,3st,Before - Indirect,indirect,true,true,false,false,false,,,11000,352.0,0.5343847971942502,0.09723310761773793,0.6316179048119882,0.013263976001051753,0.8372,1.0,0.021,0.5287905099085966,0.011104600708080527,0.283328728530152,30,28.33
Agate & Mesa,3st,Before - Indirect,indirect,true,true,false,false,false,,,11000,352.0,0.5343847971942502,0.09723310761773793,0.6316179048119882,0.013263976001051753,0.8372,1.0,0.021,0.5287905099085966,0.011104600708080527,0.291243052805767,31,29.12
Agate & Mesa,3st,Before - Indirect,indirect,true,true,false,false,false,,,11000,352.0,0.5343847971942502,0.09723310761773793,0.6316179048119882,0.013263976001051753,0.8372,1.0,0.021,0.5287905099085966,0.011104600708080527,0.29906997783540534,32,29.91
Agate & Mesa,3st,Before - Indirect,indirect,true,true,false,false,false,,,11000,352.0,0.5343847971942502,0.09723310761773793,0.6316179048119882,0.013263976001051753,0.8372,1.0,0.021,0.5287905099085966,0.011104600708080527,0.3068104687839922,33,30.68
Agate & Mesa,3st,Before - Indirect,indirect,true,true,false,false,false,,,11000,352.0,0.5343847971942502,0.09723310761773793,0.6316179048119882,0.013263976001051753,0.8372,1.0,0.021,0.5287905099085966,0.011104600708080527,0.31446548015797027,34,31.45
Agate & Mesa,3st,Before - Indirect,indirect,true,true,false,false,false,,,11000,352.0,0.5343847971942502,0.09723310761773793,0.6316179048119882,0.013263976001051753,0.8372,1.0,0.021,0.5287905099085966,0.011104600708080527,0.32203595592300316,35,32.2
Agate & Mesa,3st,Before - Indirect,indirect,true,true,false,false,false,,,11000,352.0,0.5343847971942502,0.09723310761773793,0.6316179048119882,0.013263976001051753,0.8372,1.0,0.021,0.5287905099085966,0.011104600708080527,0.32952282962037927,36,32.95
Agate & Mesa,3st,Before - Indirect,indirect,true,true,false,false,false,,,11000,352.0,0.5343847971942502,0.09723310761773793,0.6316179048119882,0.013263976001051753,0.8372,1.0,0.021,0.5287905099085966,0.011104600708080527,0.3369270244821295,37,33.69
Agate & Mesa,3st,Before - Indirect,indirect,true,true,false,false,false,,,11000,352.0,0.5343847971942502,0.09723310761773793,0.6316179048119882,0.013263976001051753,0.8372,1.0,0.021,0.5287905099085966,0.011104600708080527,0.3442494535448747,38,34.42
Agate & Mesa,3st,Before - Indirect,indirect,true,true,false,false,false,,,11000,352.0,0.5343847971942502,0.09723310761773793,0.6316179048119882,0.013263976001051753,0.8372,1.0,0.021,0.5287905099085966,0.011104600708080527,0.3514910197624148,39,35.15
Agate & Mesa,3st,Before - Indirect,indirect,true,true,false,false,false,,,11000,352.0,0.5343847971942502,0.09723310761773793,0.6316179048119882,0.013263976001051753,0.8372,1.0,0.021,0.5287905099085966,0.011104600708080527,0.3586526161170758,40,35.87
Agate & Mesa,3st,Before - Indirect,indirect,true,true,false,false,false,,,11000,352.0,0.5343847971942502,0.09723310761773793,0.6316179048119882,0.013263976001051753,0.8372,1.0,0.021,0.5287905099085966,0.011104600708080527,0.36573512572982547,41,36.57
Agate & Mesa,3st,Before - Indirect,indirect,true,true,false,false,false,,,11000,352.0,0.5343847971942502,0.09723310761773793,0.6316179048119882,0.013263976001051753,0.8372,1.0,0.021,0.5287905099085966,0.011104600708080527,0.3727394219691753,42,37.27
Agate & Mesa,3st,Before - Indirect,indirect,true,true,false,false,false,,,11000,352.0,0.5343847971942502,0.09723310761773793,0.6316179048119882,0.013263976001051753,0.8372,1.0,0.021,0.5287905099085966,0.011104600708080527,0.3796663685588776,43,37.97
Agate & Mesa,3st,Before - Indirect,indirect,true,true,false,false,false,,,11000,352.0,0.5343847971942502,0.09723310761773793,0.6316179048119882,0.013263976001051753,0.8372,1.0,0.021,0.5287905099085966,0.011104600708080527,0.3865168196844344,44,38.65
Agate & Mesa,3st,Before - Indirect,indirect,true,true,false,false,false,,,11000,352.0,0.5343847971942502,0.09723310761773793,0.6316179048119882,0.013263976001051753,0.8372,1.0,0.021,0.5287905099085966,0.011104600708080527,0.39329162009843044,45,39.33
Agate & Mesa,3st,Before - Indirect,indirect,true,true,false,false,false,,,11000,352.0,0.5343847971942502,0.09723310761773793,0.6316179048119882,0.013263976001051753,0.8372,1.0,0.021,0.5287905099085966,0.011104600708080527,0.3999916052247018,46,40.0
Agate & Mesa,3st,Before - Indirect,indirect,true,true,false,false,false,,,11000,352.0,0.5343847971942502,0.09723310761773793,0.6316179048119882,0.013263976001051753,0.8372,1.0,0.021,0.5287905099085966,0.011104600708080527,0.4066176012613557,47,40.66
Agate & Mesa,3st,Before - Indirect,indirect,true,true,false,false,false,,,11000,352.0,0.5343847971942502,0.09723310761773793,0.6316179048119882,0.013263976001051753,0.8372,1.0,0.021,0.5287905099085966,0.011104600708080527,0.413170425282651,48,41.32
Agate & Mesa,3st,Before - Indirect,indirect,true,true,false,false,false,,,11000,352.0,0.5343847971942502,0.09723310761773793,0.6316179048119882,0.013263976001051753,0.8372,1.0,0.021,0.5287905099085966,0.011104600708080527,0.41965088533975514,49,41.97
Agate & Mesa,3st,Before - Indirect,indirect,true,true,false,false,false,,,11000,352.0,0.5343847971942502,0.09723310761773793,0.6316179048119882,0.013263976001051753,0.8372,1.0,0.021,0.5287905099085966,0.011104600708080527,0.42605978056038696,50,42.61
Agate & Mesa,3st,Before - Indirect,indirect,true,true,false,false,false,,,11000,352.0,0.5343847971942502,0.09723310761773793,0.6316179048119882,0.013263976001051753,0.8372,1.0,0.021,0.5287905099085966,0.011104600708080527,0.43239790124736055,51,43.24
Agate & Mesa,3st,Before - Indirect,indirect,true,true,false,false,false,,,11000,352.0,0.5343847971942502,0.09723310761773793,0.6316179048119882,0.013263976001051753,0.8372,1.0,0.021,0.5287905099085966,0.011104600708080527,0.4386660289760398,52,43.87
Agate & Mesa,3st,Before - Indirect,indirect,true,true,false,false,false,,,11000,352.0,0.5343847971942502,0.09723310761773793,0.6316179048119882,0.013263976001051753,0.8372,1.0,0.021,0.5287905099085966,0.011104600708080527,0.4448649366907176,53,44.49
Agate & Mesa,3st,Before - Indirect,indirect,true,true,false,false,false,,,11000,352.0,0.5343847971942502,0.09723310761773793,0.6316179048119882,0.013263976001051753,0.8372,1.0,0.021,0.5287905099085966,0.011104600708080527,0.4509953887999292,54,45.1
Agate & Mesa,3st,Before - Indirect,indirect,true,true,false,false,false,,,11000,352.0,0.5343847971942502,0.09723310761773793,0.6316179048119882,0.013263976001051753,0.8372,1.0,0.021,0.5287905099085966,0.011104600708080527,0.4570581412707153,55,45.71
Agate & Mesa,3st,Before - Indirect,indirect,true,true,false,false,false,,,11000,352.0,0.5343847971942502,0.09723310761773793,0.6316179048119882,0.013263976001051753,0.8372,1.0,0.021,0.5287905099085966,0.011104600708080527,0.46305394172184233,56,46.31
Agate & Mesa,3st,Before - Indirect,indirect,true,true,false,false,false,,,11000,352.0,0.5343847971942502,0.09723310761773793,0.6316179048119882,0.013263976001051753,0.8372,1.0,0.021,0.5287905099085966,0.011104600708080527,0.46898352951599376,57,46.9
Agate & Mesa,3st,Before - Indirect,indirect,true,true,false,false,false,,,11000,352.0,0.5343847971942502,0.09723310761773793,0.6316179048119882,0.013263976001051753,0.8372,1.0,0.021,0.5287905099085966,0.011104600708080527,0.4748476358509437,58,47.48
Agate & Mesa,3st,Before - Indirect,indirect,true,true,false,false,false,,,11000,352.0,0.5343847971942502,0.09723310761773793,0.6316179048119882,0.013263976001051753,0.8372,1.0,0.021,0.5287905099085966,0.011104600708080527,0.48064698384972326,59,48.06
Agate & Mesa,3st,Before - Indirect,indirect,true,true,false,false,false,,,11000,352.0,0.5343847971942502,0.09723310761773793,0.6316179048119882,0.013263976001051753,0.8372,1.0,0.021,0.5287905099085966,0.011104600708080527,0.4863822886497915,60,48.64
Agate & Mesa,3st,Before - Indirect,indirect,true,true,false,false,false,,,11000,352.0,0.5343847971942502,0.09723310761773793,0.6316179048119882,0.013263976001051753,0.8372,1.0,0.021,0.5287905099085966,0.011104600708080527,0.4920542574912211,61,49.21
Agate & Mesa,3st,Before - Indirect,indirect,true,true,false,false,false,,,11000,352.0,0.5343847971942502,0.09723310761773793,0.6316179048119882,0.013263976001051753,0.8372,1.0,0.021,0.5287905099085966,0.011104600708080527,0.49766358980391123,62,49.77
Agate & Mesa,3st,Before - Indirect,indirect,true,true,false,false,false,,,11000,352.0,0.5343847971942502,0.09723310761773793,0.6316179048119882,0.013263976001051753,0.8372,1.0,0.021,0.5287905099085966,0.011104600708080527,0.5032109772938358,63,50.32
Agate & Mesa,3st,Before - Indirect,indirect,true,true,false,false,false,,,11000,352.0,0.5343847971942502,0.09723310761773793,0.6316179048119882,0.013263976001051753,0.8372,1.0,0.021,0.5287905099085966,0.011104600708080527,0.5086971040283408,64,50.87
Agate & Mesa,3st,Before - Indirect,indirect,true,true,false,false,false,,,11000,352.0,0.5343847971942502,0.09723310761773793,0.6316179048119882,0.013263976001051753,0.8372,1.0,0.021,0.5287905099085966,0.011104600708080527,0.5141226465204987,65,51.41
Agate & Mesa,3st,Before - Indirect,indirect,true,true,false,false,false,,,11000,352.0,0.5343847971942502,0.09723310761773793,0.6316179048119882,0.013263976001051753,0.8372,1.0,0.021,0.5287905099085966,0.011104600708080527,0.5194882738125313,66,51.95
Agate & Mesa,3st,Before - Indirect,indirect,true,true,false,false,false,,,11000,352.0,0.5343847971942502,0.09723310761773793,0.6316179048119882,0.013263976001051753,0.8372,1.0,0.021,0.5287905099085966,0.011104600708080527,0.5247946475583124,67,52.48
Agate & Mesa,3st,Before - Indirect,indirect,true,true,false,false,false,,,11000,352.0,0.5343847971942502,0.09723310761773793,0.6316179048119882,0.013263976001051753,0.8372,1.0,0.021,0.5287905099085966,0.011104600708080527,0.5300424221049578,68,53.0
Agate & Mesa,3st,Before - Indirect,indirect,true,true,false,false,false,,,11000,352.0,0.5343847971942502,0.09723310761773793,0.6316179048119882,0.013263976001051753,0.8372,1.0,0.021,0.5287905099085966,0.011104600708080527,0.5352322445735154,69,53.52
Agate & Mesa,3st,Before - Indirect,indirect,true,true,false,false,false,,,11000,352.0,0.5343847971942502,0.09723310761773793,0.6316179048119882,0.013263976001051753,0.8372,1.0,0.021,0.5287905099085966,0.011104600708080527,0.540364754938764,70,54.04
Agate & Mesa,3st,Before - Indirect,indirect,true,true,false,false,false,,,11000,352.0,0.5343847971942502,0.09723310761773793,0.6316179048119882,0.013263976001051753,0.8372,1.0,0.021,0.5287905099085966,0.011104600708080527,0.5454405861081308,71,54.54
Agate & Mesa,3st,Before - Indirect,indirect,true,true,false,false,false,,,11000,352.0,0.5343847971942502,0.09723310761773793,0.6316179048119882,0.013263976001051753,0.8372,1.0,0.021,0.5287905099085966,0.011104600708080527,0.5504603639997371,72,55.05
Agate & Mesa,3st,Before - Indirect,indirect,true,true,false,false,false,,,11000,352.0,0.5343847971942502,0.09723310761773793,0.6316179048119882,0.013263976001051753,0.8372,1.0,0.021,0.5287905099085966,0.011104600708080527,0.5554247076195826,73,55.54
Agate & Mesa,3st,Before - Indirect,indirect,true,true,false,false,false,,,11000,352.0,0.5343847971942502,0.09723310761773793,0.6316179048119882,0.013263976001051753,0.8372,1.0,0.021,0.5287905099085966,0.011104600708080527,0.5603342291378776,74,56.03
Agate & Mesa,3st,Before - Indirect,indirect,true,true,false,false,false,,,11000,352.0,0.5343847971942502,0.09723310761773793,0.6316179048119882,0.013263976001051753,0.8372,1.0,0.021,0.5287905099085966,0.011104600708080527,0.5651895339645305,75,56.52
Agate & Mesa,3st,Before - Indirect,indirect,true,true,false,false,false,,,11000,352.0,0.5343847971942502,0.09723310761773793,0.6316179048119882,0.013263976001051753,0.8372,1.0,0.021,0.5287905099085966,0.011104600708080527,0.5699912208238046,76,57.0
Agate & Mesa,3st,Before - Indirect,indirect,true,true,false,false,false,,,11000,352.0,0.5343847971942502,0.09723310761773793,0.6316179048119882,0.013263976001051753,0.8372,1.0,0.021,0.5287905099085966,0.011104600708080527,0.5747398818281475,77,57.47
Agate & Mesa,3st,Before - Indirect,indirect,true,true,false,false,false,,,11000,352.0,0.5343847971942502,0.09723310761773793,0.6316179048119882,0.013263976001051753,0.8372,1.0,0.021,0.5287905099085966,0.011104600708080527,0.5794361025512074,78,57.94
Agate & Mesa,3st,Before - Indirect,indirect,true,true,false,false,false,,,11000,352.0,0.5343847971942502,0.09723310761773793,0.6316179048119882,0.013263976001051753,0.8372,1.0,0.021,0.5287905099085966,0.011104600708080527,0.5840804621000417,79,58.41
Agate & Mesa,3st,Before - Indirect,indirect,true,true,false,false,false,,,11000,352.0,0.5343847971942502,0.09723310761773793,0.6316179048119882,0.013263976001051753,0.8372,1.0,0.021,0.5287905099085966,0.011104600708080527,0.5886735331865289,80,58.87
Agate & Mesa,3st,Before - Indirect,indirect,true,true,false,false,false,,,11000,352.0,0.5343847971942502,0.09723310761773793,0.6316179048119882,0.013263976001051753,0.8372,1.0,0.021,0.5287905099085966,0.011104600708080527,0.5932158821979916,81,59.32
Agate & Mesa,3st,Before - Indirect,indirect,true,true,false,false,false,,,11000,352.0,0.5343847971942502,0.09723310761773793,0.6316179048119882,0.013263976001051753,0.8372,1.0,0.021,0.5287905099085966,0.011104600708080527,0.5977080692670397,82,59.77
Agate & Mesa,3st,Before - Indirect,indirect,true,true,false,false,false,,,11000,352.0,0.5343847971942502,0.09723310761773793,0.6316179048119882,0.013263976001051753,0.8372,1.0,0.021,0.5287905099085966,0.011104600708080527,0.602150648340642,83,60.22
Agate & Mesa,3st,Before - Indirect,indirect,true,true,false,false,false,,,11000,352.0,0.5343847971942502,0.09723310761773793,0.6316179048119882,0.013263976001051753,0.8372,1.0,0.021,0.5287905099085966,0.011104600708080527,0.6065441672484356,84,60.65
Agate & Mesa,3st,Before - Indirect,indirect,true,true,false,false,false,,,11000,352.0,0.5343847971942502,0.09723310761773793,0.6316179048119882,0.013263976001051753,0.8372,1.0,0.021,0.5287905099085966,0.011104600708080527,0.610889167770281,85,61.09
Agate & Mesa,3st,Before - Indirect,indirect,true,true,false,false,false,,,11000,352.0,0.5343847971942502,0.09723310761773793,0.6316179048119882,0.013263976001051753,0.8372,1.0,0.021,0.5287905099085966,0.011104600708080527,0.6151861857030696,86,61.52
Agate & Mesa,3st,Before - Indirect,indirect,true,true,false,false,false,,,11000,352.0,0.5343847971942502,0.09723310761773793,0.6316179048119882,0.013263976001051753,0.8372,1.0,0.021,0.5287905099085966,0.011104600708080527,0.6194357509267963,87,61.94
Agate & Mesa,3st,Before - Indirect,indirect,true,true,false,false,false,,,11000,352.0,0.5343847971942502,0.09723310761773793,0.6316179048119882,0.013263976001051753,0.8372,1.0,0.021,0.5287905099085966,0.011104600708080527,0.6236383874698992,88,62.36
Agate & Mesa,3st,Before - Indirect,indirect,true,true,false,false,false,,,11000,352.0,0.5343847971942502,0.09723310761773793,0.6316179048119882,0.013263976001051753,0.8372,1.0,0.021,0.5287905099085966,0.011104600708080527,0.6277946135738807,89,62.78
Agate & Mesa,3st,Before - Indirect,indirect,true,true,false,false,false,,,11000,352.0,0.5343847971942502,0.09723310761773793,0.6316179048119882,0.013263976001051753,0.8372,1.0,0.021,0.5287905099085966,0.011104600708080527,0.6319049417572127,90,63.19
Agate & Mesa,3st,Before - Indirect,indirect,true,true,false,false,false,,,11000,352.0,0.5343847971942502,0.09723310761773793,0.6316179048119882,0.013263976001051753,0.8372,1.0,0.021,0.5287905099085966,0.011104600708080527,0.6359698788785374,91,63.6
Agate & Mesa,3st,Before - Indirect,indirect,true,true,false,false,false,,,11000,352.0,0.5343847971942502,0.09723310761773793,0.6316179048119882,0.013263976001051753,0.8372,1.0,0.021,0.5287905099085966,0.011104600708080527,0.63998992619917,92,64.0
Agate & Mesa,3st,Before - Indirect,indirect,true,true,false,false,false,,,11000,352.0,0.5343847971942502,0.09723310761773793,0.6316179048119882,0.013263976001051753,0.8372,1.0,0.021,0.5287905099085966,0.011104600708080527,0.6439655794449102,93,64.4
Agate & Mesa,3st,Before - Indirect,indirect,true,true,false,false,false,,,11000,352.0,0.5343847971942502,0.09723310761773793,0.6316179048119882,0.013263976001051753,0.8372,1.0,0.021,0.5287905099085966,0.011104600708080527,0.6478973288671726,94,64.79
Agate & Mesa,3st,Before - Indirect,indirect,true,true,false,false,false,,,11000,352.0,0.5343847971942502,0.09723310761773793,0.6316179048119882,0.013263976001051753,0.8372,1.0,0.021,0.5287905099085966,0.011104600708080527,0.651785659303441,95,65.18
Agate & Mesa,3st,Before - Indirect,indirect,true,true,false,false,false,,,11000,352.0,0.5343847971942502,0.09723310761773793,0.6316179048119882,0.013263976001051753,0.8372,1.0,0.021,0.5287905099085966,0.011104600708080527,0.6556310502370553,96,65.56
Agate & Mesa,3st,Before - Indirect,indirect,true,true,false,false,false,,,11000,352.0,0.5343847971942502,0.09723310761773793,0.6316179048119882,0.013263976001051753,0.8372,1.0,0.021,0.5287905099085966,0.011104600708080527,0.6594339758563386,97,65.94
Agate & Mesa,3st,Before - Indirect,indirect,true,true,false,false,false,,,11000,352.0,0.5343847971942502,0.09723310761773793,0.6316179048119882,0.013263976001051753,0.8372,1.0,0.021,0.5287905099085966,0.011104600708080527,0.6631949051130699,98,66.32
Agate & Mesa,3st,Before - Indirect,indirect,true,true,false,false,false,,,11000,352.0,0.5343847971942502,0.09723310761773793,0.6316179048119882,0.013263976001051753,0.8372,1.0,0.021,0.5287905099085966,0.011104600708080527,0.6669143017803139,99,66.69
Agate & Mesa,3st,Before - Indirect,indirect,true,true,false,false,false,,,11000,352.0,0.5343847971942502,0.09723310761773793,0.6316179048119882,0.013263976001051753,0.8372,1.0,0.021,0.5287905099085966,0.011104600708080527,0.6705926245096088,100,67.06
Agate & Mesa,3st,After - Indirect,indirect,true,true,true,false,false,,,11000,352.0,0.5343847971942502,0.09723310761773793,0.6316179048119882,0.013263976001051753,0.8372,0.63,0.021,0.5287905099085966,0.0069958984460907325,0.00697148411512627,1,0.7
Agate & Mesa,3st,After - Indirect,indirect,true,true,true,false,false,,,11000,352.0,0.5343847971942502,0.09723310761773793,0.6316179048119882,0.013263976001051753,0.8372,0.63,0.021,0.5287905099085966,0.0069958984460907325,0.013894366639485067,2,1.39
Agate & Mesa,3st,After - Indirect,indirect,true,true,true,false,false,,,11000,352.0,0.5343847971942502,0.09723310761773793,0.6316179048119882,0.013263976001051753,0.8372,0.63,0.021,0.5287905099085966,0.0069958984460907325,0.020768986398294498,3,2.08
Agate & Mesa,3st,After - Indirect,indirect,true,true,true,false,false,,,11000,352.0,0.5343847971942502,0.09723310761773793,0.6316179048119882,0.013263976001051753,0.8372,0.63,0.021,0.5287905099085966,0.0069958984460907325,0.027595679854657718,4,2.76
Agate & Mesa,3st,After - Indirect,indirect,true,true,true,false,false,,,11000,352.0,0.5343847971942502,0.09723310761773793,0.6316179048119882,0.013263976001051753,0.8372,0.63,0.021,0.5287905099085966,0.0069958984460907325,0.034374781126031206,5,3.44
Agate & Mesa,3st,After - Indirect,indirect,true,true,true,false,false,,,11000,352.0,0.5343847971942502,0.09723310761773793,0.6316179048119882,0.013263976001051753,0.8372,0.63,0.021,0.5287905099085966,0.0069958984460907325,0.041106622000576354,6,4.11
Agate & Mesa,3st,After - Indirect,indirect,true,true,true,false,false,,,11000,352.0,0.5343847971942502,0.09723310761773793,0.6316179048119882,0.013263976001051753,0.8372,0.63,0.021,0.5287905099085966,0.0069958984460907325,0.047791531953399136,7,4.78
Agate & Mesa,3st,After - Indirect,indirect,true,true,true,false,false,,,11000,352.0,0.5343847971942502,0.09723310761773793,0.6316179048119882,0.013263976001051753,0.8372,0.63,0.021,0.5287905099085966,0.0069958984460907325,0.05442983816267477,8,5.44
Agate & Mesa,3st,After - Indirect,indirect,true,true,true,false,false,,,11000,352.0,0.5343847971942502,0.09723310761773793,0.6316179048119882,0.013263976001051753,0.8372,0.63,0.021,0.5287905099085966,0.0069958984460907325,0.06102186552566102,9,6.1
Agate & Mesa,3st,After - Indirect,indirect,true,true,true,false,false,,,11000,352.0,0.5343847971942502,0.09723310761773793,0.6316179048119882,0.013263976001051753,0.8372,0.63,0.021,0.5287905099085966,0.0069958984460907325,0.06756793667459982,10,6.76
Agate & Mesa,3st,After - Indirect,indirect,true,true,true,false,false,,,11000,352.0,0.5343847971942502,0.09723310761773793,0.6316179048119882,0.013263976001051753,0.8372,0.63,0.021,0.5287905099085966,0.0069958984460907325,0.07406837199250726,11,7.41
Agate & Mesa,3st,After - Indirect,indirect,true,true,true,false,false,,,11000,352.0,0.5343847971942502,0.09723310761773793,0.6316179048119882,0.013263976001051753,0.8372,0.63,0.021,0.5287905099085966,0.0069958984460907325,0.08052348962885447,12,8.05
Agate & Mesa,3st,After - Indirect,indirect,true,true,true,false,false,,,11000,352.0,0.5343847971942502,0.09723310761773793,0.6316179048119882,0.013263976001051753,0.8372,0.63,0.021,0.5287905099085966,0.0069958984460907325,0.08693360551513862,13,8.69
Agate & Mesa,3st,After - Indirect,indirect,true,true,true,false,false,,,11000,352.0,0.5343847971942502,0.09723310761773793,0.6316179048119882,0.013263976001051753,0.8372,0.63,0.021,0.5287905099085966,0.0069958984460907325,0.09329903338034551,14,9.33
Agate & Mesa,3st,After - Indirect,indirect,true,true,true,false,false,,,11000,352.0,0.5343847971942502,0.09723310761773793,0.6316179048119882,0.013263976001051753,0.8372,0.63,0.021,0.5287905099085966,0.0069958984460907325,0.09962008476630402,15,9.96
Agate & Mesa,3st,After - Indirect,indirect,true,true,true,false,false,,,11000,352.0,0.5343847971942502,0.09723310761773793,0.6316179048119882,0.013263976001051753,0.8372,0.63,0.021,0.5287905099085966,0.0069958984460907325,0.1058970690429345,16,10.59
Agate & Mesa,3st,After - Indirect,indirect,true,true,true,false,false,,,11000,352.0,0.5343847971942502,0.09723310761773793,0.6316179048119882,0.013263976001051753,0.8372,0.63,0.021,0.5287905099085966,0.0069958984460907325,0.11213029342338954,17,11.21
Agate & Mesa,3st,After - Indirect,indirect,true,true,true,false,false,,,11000,352.0,0.5343847971942502,0.09723310761773793,0.6316179048119882,0.013263976001051753,0.8372,0.63,0.021,0.5287905099085966,0.0069958984460907325,0.11832006297909015,18,11.83
Agate & Mesa,3st,After - Indirect,indirect,true,true,true,false,false,,,11000,352.0,0.5343847971942502,0.09723310761773793,0.6316179048119882,0.013263976001051753,0.8372,0.63,0.021,0.5287905099085966,0.0069958984460907325,0.12446668065465694,19,12.45
Agate & Mesa,3st,After - Indirect,indirect,true,true,true,false,false,,,11000,352.0,0.5343847971942502,0.09723310761773793,0.6316179048119882,0.013263976001051753,0.8372,0.63,0.021,0.5287905099085966,0.0069958984460907325,0.1305704472827368,20,13.06
Agate & Mesa,3st,After - Indirect,indirect,true,true,true,false,false,,,11000,352.0,0.5343847971942502,0.09723310761773793,0.6316179048119882,0.013263976001051753,0.8372,0.63,0.021,0.5287905099085966,0.0069958984460907325,0.13663166159872653,21,13.66
Agate & Mesa,3st,After - Indirect,indirect,true,true,true,false,false,,,11000,352.0,0.5343847971942502,0.09723310761773793,0.6316179048119882,0.013263976001051753,0.8372,0.63,0.021,0.5287905099085966,0.0069958984460907325,0.142650620255394,22,14.27
Agate & Mesa,3st,After - Indirect,indirect,true,true,true,false,false,,,11000,352.0,0.5343847971942502,0.09723310761773793,0.6316179048119882,0.013263976001051753,0.8372,0.63,0.021,0.5287905099085966,0.0069958984460907325,0.14862761783739686,23,14.86
Agate & Mesa,3st,After - Indirect,indirect,true,true,true,false,false,,,11000,352.0,0.5343847971942502,0.09723310761773793,0.6316179048119882,0.013263976001051753,0.8372,0.63,0.021,0.5287905099085966,0.0069958984460907325,0.1545629468757007,24,15.46
Agate & Mesa,3st,After - Indirect,indirect,true,true,true,false,false,,,11000,352.0,0.5343847971942502,0.09723310761773793,0.6316179048119882,0.013263976001051753,0.8372,0.63,0.021,0.5287905099085966,0.0069958984460907325,0.16045689786189588,25,16.05
Agate & Mesa,3st,After - Indirect,indirect,true,true,true,false,false,,,11000,352.0,0.5343847971942502,0.09723310761773793,0.6316179048119882,0.013263976001051753,0.8372,0.63,0.021,0.5287905099085966,0.0069958984460907325,0.16630975926241554,26,16.63
Agate & Mesa,3st,After - Indirect,indirect,true,true,true,false,false,,,11000,352.0,0.5343847971942502,0.09723310761773793,0.6316179048119882,0.013263976001051753,0.8372,0.63,0.021,0.5287905099085966,0.0069958984460907325,0.17212181753265343,27,17.21
Agate & Mesa,3st,After - Indirect,indirect,true,true,true,false,false,,,11000,352.0,0.5343847971942502,0.09723310761773793,0.6316179048119882,0.013263976001051753,0.8372,0.63,0.021,0.5287905099085966,0.0069958984460907325,0.1778933571309841,28,17.79
Agate & Mesa,3st,After - Indirect,indirect,true,true,true,false,false,,,11000,352.0,0.5343847971942502,0.09723310761773793,0.6316179048119882,0.013263976001051753,0.8372,0.63,0.021,0.5287905099085966,0.0069958984460907325,0.18362466053268534,29,18.36
Agate & Mesa,3st,After - Indirect,indirect,true,true,true,false,false,,,11000,352.0,0.5343847971942502,0.09723310761773793,0.6316179048119882,0.013263976001051753,0.8372,0.63,0.021,0.5287905099085966,0.0069958984460907325,0.1893160082437625,30,18.93
Agate & Mesa,3st,After - Indirect,indirect,true,true,true,false,false,,,11000,352.0,0.5343847971942502,0.09723310761773793,0.6316179048119882,0.013263976001051753,0.8372,0.63,0.021,0.5287905099085966,0.0069958984460907325,0.19496767881467825,31,19.5
Agate & Mesa,3st,After - Indirect,indirect,true,true,true,false,false,,,11000,352.0,0.5343847971942502,0.09723310761773793,0.6316179048119882,0.013263976001051753,0.8372,0.63,0.021,0.5287905099085966,0.0069958984460907325,0.200579948853985,32,20.06
Agate & Mesa,3st,After - Indirect,indirect,true,true,true,false,false,,,11000,352.0,0.5343847971942502,0.09723310761773793,0.6316179048119882,0.013263976001051753,0.8372,0.63,0.021,0.5287905099085966,0.0069958984460907325,0.2061530930418628,33,20.62
Agate & Mesa,3st,After - Indirect,indirect,true,true,true,false,false,,,11000,352.0,0.5343847971942502,0.09723310761773793,0.6316179048119882,0.013263976001051753,0.8372,0.63,0.021,0.5287905099085966,0.0069958984460907325,0.21168738414356358,34,21.17
Agate & Mesa,3st,After - Indirect,indirect,true,true,true,false,false,,,11000,352.0,0.5343847971942502,0.09723310761773793,0.6316179048119882,0.013263976001051753,0.8372,0.63,0.021,0.5287905099085966,0.0069958984460907325,0.2171830930227604,35,21.72
Agate & Mesa,3st,After - Indirect,indirect,true,true,true,false,false,,,11000,352.0,0.5343847971942502,0.09723310761773793,0.6316179048119882,0.013263976001051753,0.8372,0.63,0.021,0.5287905099085966,0.0069958984460907325,0.22264048865480446,36,22.26
Agate & Mesa,3st,After - Indirect,indirect,true,true,true,false,false,,,11000,352.0,0.5343847971942502,0.09723310761773793,0.6316179048119882,0.013263976001051753,0.8372,0.63,0.021,0.5287905099085966,0.0069958984460907325,0.22805983813988984,37,22.81
Agate & Mesa,3st,After - Indirect,indirect,true,true,true,false,false,,,11000,352.0,0.5343847971942502,0.09723310761773793,0.6316179048119882,0.013263976001051753,0.8372,0.63,0.021,0.5287905099085966,0.0069958984460907325,0.23344140671612557,38,23.34
Agate & Mesa,3st,After - Indirect,indirect,true,true,true,false,false,,,11000,352.0,0.5343847971942502,0.09723310761773793,0.6316179048119882,0.013263976001051753,0.8372,0.63,0.021,0.5287905099085966,0.0069958984460907325,0.2387854577725177,39,23.88
Agate & Mesa,3st,After - Indirect,indirect,true,true,true,false,false,,,11000,352.0,0.5343847971942502,0.09723310761773793,0.6316179048119882,0.013263976001051753,0.8372,0.63,0.021,0.5287905099085966,0.0069958984460907325,0.24409225286185976,40,24.41
Agate & Mesa,3st,After - Indirect,indirect,true,true,true,false,false,,,11000,352.0,0.5343847971942502,0.09723310761773793,0.6316179048119882,0.013263976001051753,0.8372,0.63,0.021,0.5287905099085966,0.0069958984460907325,0.2493620517135341,41,24.94
Agate & Mesa,3st,After - Indirect,indirect,true,true,true,false,false,,,11000,352.0,0.5343847971942502,0.09723310761773793,0.6316179048119882,0.013263976001051753,0.8372,0.63,0.021,0.5287905099085966,0.0069958984460907325,0.2545951122462242,42,25.46
Agate & Mesa,3st,After - Indirect,indirect,true,true,true,false,false,,,11000,352.0,0.5343847971942502,0.09723310761773793,0.6316179048119882,0.013263976001051753,0.8372,0.63,0.021,0.5287905099085966,0.0069958984460907325,0.2597916905805371,43,25.98
Agate & Mesa,3st,After - Indirect,indirect,true,true,true,false,false,,,11000,352.0,0.5343847971942502,0.09723310761773793,0.6316179048119882,0.013263976001051753,0.8372,0.63,0.021,0.5287905099085966,0.0069958984460907325,0.26495204105153947,44,26.5
Agate & Mesa,3st,After - Indirect,indirect,true,true,true,false,false,,,11000,352.0,0.5343847971942502,0.09723310761773793,0.6316179048119882,0.013263976001051753,0.8372,0.63,0.021,0.5287905099085966,0.0069958984460907325,0.2700764162212046,45,27.01
Agate & Mesa,3st,After - Indirect,indirect,true,true,true,false,false,,,11000,352.0,0.5343847971942502,0.09723310761773793,0.6316179048119882,0.013263976001051753,0.8372,0.63,0.021,0.5287905099085966,0.0069958984460907325,0.27516506689077447,46,27.52
Agate & Mesa,3st,After - Indirect,indirect,true,true,true,false,false,,,11000,352.0,0.5343847971942502,0.09723310761773793,0.6316179048119882,0.013263976001051753,0.8372,0.63,0.021,0.5287905099085966,0.0069958984460907325,0.28021824211303403,47,28.02
Agate & Mesa,3st,After - Indirect,indirect,true,true,true,false,false,,,11000,352.0,0.5343847971942502,0.09723310761773793,0.6316179048119882,0.013263976001051753,0.8372,0.63,0.021,0.5287905099085966,0.0069958984460907325,0.28523618920450067,48,28.52
Agate & Mesa,3st,After - Indirect,indirect,true,true,true,false,false,,,11000,352.0,0.5343847971942502,0.09723310761773793,0.6316179048119882,0.013263976001051753,0.8372,0.63,0.021,0.5287905099085966,0.0069958984460907325,0.2902191537575287,49,29.02
Agate & Mesa,3st,After - Indirect,indirect,true,true,true,false,false,,,11000,352.0,0.5343847971942502,0.09723310761773793,0.6316179048119882,0.013263976001051753,0.8372,0.63,0.021,0.5287905099085966,0.0069958984460907325,0.295167379652329,50,29.52
Agate & Mesa,3st,After - Indirect,indirect,true,true,true,false,false,,,11000,352.0,0.5343847971942502,0.09723310761773793,0.6316179048119882,0.013263976001051753,0.8372,0.63,0.021,0.5287905099085966,0.0069958984460907325,0.3000811090689055,51,30.01
Agate & Mesa,3st,After - Indirect,indirect,true,true,true,false,false,,,11000,352.0,0.5343847971942502,0.09723310761773793,0.6316179048119882,0.013263976001051753,0.8372,0.63,0.021,0.5287905099085966,0.0069958984460907325,0.30496058249890845,52,30.5
Agate & Mesa,3st,After - Indirect,indirect,true,true,true,false,false,,,11000,352.0,0.5343847971942502,0.09723310761773793,0.6316179048119882,0.013263976001051753,0.8372,0.63,0.021,0.5287905099085966,0.0069958984460907325,0.309806038757404,53,30.98
Agate & Mesa,3st,After - Indirect,indirect,true,true,true,false,false,,,11000,352.0,0.5343847971942502,0.09723310761773793,0.6316179048119882,0.013263976001051753,0.8372,0.63,0.021,0.5287905099085966,0.0069958984460907325,0.3146177149945628,54,31.46
Agate & Mesa,3st,After - Indirect,indirect,true,true,true,false,false,,,11000,352.0,0.5343847971942502,0.09723310761773793,0.6316179048119882,0.013263976001051753,0.8372,0.63,0.021,0.5287905099085966,0.0069958984460907325,0.3193958467072672,55,31.94
Agate & Mesa,3st,After - Indirect,indirect,true,true,true,false,false,,,11000,352.0,0.5343847971942502,0.09723310761773793,0.6316179048119882,0.013263976001051753,0.8372,0.63,0.021,0.5287905099085966,0.0069958984460907325,0.32414066775063644,56,32.41
Agate & Mesa,3st,After - Indirect,indirect,true,true,true,false,false,,,11000,352.0,0.5343847971942502,0.09723310761773793,0.6316179048119882,0.013263976001051753,0.8372,0.63,0.021,0.5287905099085966,0.0069958984460907325,0.32885241034947266,57,32.89
Agate & Mesa,3st,After - Indirect,indirect,true,true,true,false,false,,,11000,352.0,0.5343847971942502,0.09723310761773793,0.6316179048119882,0.013263976001051753,0.8372,0.63,0.021,0.5287905099085966,0.0069958984460907325,0.3335313051096267,58,33.35
Agate & Mesa,3st,After - Indirect,indirect,true,true,true,false,false,,,11000,352.0,0.5343847971942502,0.09723310761773793,0.6316179048119882,0.013263976001051753,0.8372,0.63,0.021,0.5287905099085966,0.0069958984460907325,0.33817758102928386,59,33.82
Agate & Mesa,3st,After - Indirect,indirect,true,true,true,false,false,,,11000,352.0,0.5343847971942502,0.09723310761773793,0.6316179048119882,0.013263976001051753,0.8372,0.63,0.021,0.5287905099085966,0.0069958984460907325,0.3427914655101726,60,34.28
Agate & Mesa,3st,After - Indirect,indirect,true,true,true,false,false,,,11000,352.0,0.5343847971942502,0.09723310761773793,0.6316179048119882,0.013263976001051753,0.8372,0.63,0.021,0.5287905099085966,0.0069958984460907325,0.3473731843686938,61,34.74
Agate & Mesa,3st,After - Indirect,indirect,true,true,true,false,false,,,11000,352.0,0.5343847971942502,0.09723310761773793,0.6316179048119882,0.013263976001051753,0.8372,0.63,0.021,0.5287905099085966,0.0069958984460907325,0.351922961846973,62,35.19
Agate & Mesa,3st,After - Indirect,indirect,true,true,true,false,false,,,11000,352.0,0.5343847971942502,0.09723310761773793,0.6316179048119882,0.013263976001051753,0.8372,0.63,0.021,0.5287905099085966,0.0069958984460907325,0.35644102062383487,63,35.64
Agate & Mesa,3st,After - Indirect,indirect,true,true,true,false,false,,,11000,352.0,0.5343847971942502,0.09723310761773793,0.6316179048119882,0.013263976001051753,0.8372,0.63,0.021,0.5287905099085966,0.0069958984460907325,0.3609275818257027,64,36.09
Agate & Mesa,3st,After - Indirect,indirect,true,true,true,false,false,,,11000,352.0,0.5343847971942502,0.09723310761773793,0.6316179048119882,0.013263976001051753,0.8372,0.63,0.021,0.5287905099085966,0.0069958984460907325,0.3653828650374201,65,36.54
Agate & Mesa,3st,After - Indirect,indirect,true,true,true,false,false,,,11000,352.0,0.5343847971942502,0.09723310761773793,0.6316179048119882,0.013263976001051753,0.8372,0.63,0.021,0.5287905099085966,0.0069958984460907325,0.3698070883129987,66,36.98
Agate & Mesa,3st,After - Indirect,indirect,true,true,true,false,false,,,11000,352.0,0.5343847971942502,0.09723310761773793,0.6316179048119882,0.013263976001051753,0.8372,0.63,0.021,0.5287905099085966,0.0069958984460907325,0.3742004681862898,67,37.42
Agate & Mesa,3st,After - Indirect,indirect,true,true,true,false,false,,,11000,352.0,0.5343847971942502,0.09723310761773793,0.6316179048119882,0.013263976001051753,0.8372,0.63,0.021,0.5287905099085966,0.0069958984460907325,0.3785632196815826,68,37.86
Agate & Mesa,3st,After - Indirect,indirect,true,true,true,false,false,,,11000,352.0,0.5343847971942502,0.09723310761773793,0.6316179048119882,0.013263976001051753,0.8372,0.63,0.021,0.5287905099085966,0.0069958984460907325,0.38289555632412764,69,38.29
Agate & Mesa,3st,After - Indirect,indirect,true,true,true,false,false,,,11000,352.0,0.5343847971942502,0.09723310761773793,0.6316179048119882,0.013263976001051753,0.8372,0.63,0.021,0.5287905099085966,0.0069958984460907325,0.3871976901505878,70,38.72
Agate & Mesa,3st,After - Indirect,indirect,true,true,true,false,false,,,11000,352.0,0.5343847971942502,0.09723310761773793,0.6316179048119882,0.013263976001051753,0.8372,0.63,0.021,0.5287905099085966,0.0069958984460907325,0.39146983171941563,71,39.15
Agate & Mesa,3st,After - Indirect,indirect,true,true,true,false,false,,,11000,352.0,0.5343847971942502,0.09723310761773793,0.6316179048119882,0.013263976001051753,0.8372,0.63,0.021,0.5287905099085966,0.0069958984460907325,0.3957121901211589,72,39.57
Agate & Mesa,3st,After - Indirect,indirect,true,true,true,false,false,,,11000,352.0,0.5343847971942502,0.09723310761773793,0.6316179048119882,0.013263976001051753,0.8372,0.63,0.021,0.5287905099085966,0.0069958984460907325,0.39992497298869367,73,39.99
Agate & Mesa,3st,After - Indirect,indirect,true,true,true,false,false,,,11000,352.0,0.5343847971942502,0.09723310761773793,0.6316179048119882,0.013263976001051753,0.8372,0.63,0.021,0.5287905099085966,0.0069958984460907325,0.4041083865073869,74,40.41
Agate & Mesa,3st,After - Indirect,indirect,true,true,true,false,false,,,11000,352.0,0.5343847971942502,0.09723310761773793,0.6316179048119882,0.013263976001051753,0.8372,0.63,0.021,0.5287905099085966,0.0069958984460907325,0.4082626354251877,75,40.83
Agate & Mesa,3st,After - Indirect,indirect,true,true,true,false,false,,,11000,352.0,0.5343847971942502,0.09723310761773793,0.6316179048119882,0.013263976001051753,0.8372,0.63,0.021,0.5287905099085966,0.0069958984460907325,0.4123879230626476,76,41.24
Agate & Mesa,3st,After - Indirect,indirect,true,true,true,false,false,,,11000,352.0,0.5343847971942502,0.09723310761773793,0.6316179048119882,0.013263976001051753,0.8372,0.63,0.021,0.5287905099085966,0.0069958984460907325,0.4164844513228727,77,41.65
Agate & Mesa,3st,After - Indirect,indirect,true,true,true,false,false,,,11000,352.0,0.5343847971942502,0.09723310761773793,0.6316179048119882,0.013263976001051753,0.8372,0.63,0.021,0.5287905099085966,0.0069958984460907325,0.42055242070140464,78,42.06
Agate & Mesa,3st,After - Indirect,indirect,true,true,true,false,false,,,11000,352.0,0.5343847971942502,0.09723310761773793,0.6316179048119882,0.013263976001051753,0.8372,0.63,0.021,0.5287905099085966,0.0069958984460907325,0.4245920302960331,79,42.46
Agate & Mesa,3st,After - Indirect,indirect,true,true,true,false,false,,,11000,352.0,0.5343847971942502,0.09723310761773793,0.6316179048119882,0.013263976001051753,0.8372,0.63,0.021,0.5287905099085966,0.0069958984460907325,0.4286034778165414,80,42.86
Agate & Mesa,3st,After - Indirect,indirect,true,true,true,false,false,,,11000,352.0,0.5343847971942502,0.09723310761773793,0.6316179048119882,0.013263976001051753,0.8372,0.63,0.021,0.5287905099085966,0.0069958984460907325,0.43258695959438176,81,43.26
Agate & Mesa,3st,After - Indirect,indirect,true,true,true,false,false,,,11000,352.0,0.5343847971942502,0.09723310761773793,0.6316179048119882,0.013263976001051753,0.8372,0.63,0.021,0.5287905099085966,0.0069958984460907325,0.436542670592285,82,43.65
Agate & Mesa,3st,After - Indirect,indirect,true,true,true,false,false,,,11000,352.0,0.5343847971942502,0.09723310761773793,0.6316179048119882,0.013263976001051753,0.8372,0.63,0.021,0.5287905099085966,0.0069958984460907325,0.4404708044138024,83,44.05
Agate & Mesa,3st,After - Indirect,indirect,true,true,true,false,false,,,11000,352.0,0.5343847971942502,0.09723310761773793,0.6316179048119882,0.013263976001051753,0.8372,0.63,0.021,0.5287905099085966,0.0069958984460907325,0.4443715533127809,84,44.44
Agate & Mesa,3st,After - Indirect,indirect,true,true,true,false,false,,,11000,352.0,0.5343847971942502,0.09723310761773793,0.6316179048119882,0.013263976001051753,0.8372,0.63,0.021,0.5287905099085966,0.0069958984460907325,0.4482451082027731,85,44.82
Agate & Mesa,3st,After - Indirect,indirect,true,true,true,false,false,,,11000,352.0,0.5343847971942502,0.09723310761773793,0.6316179048119882,0.013263976001051753,0.8372,0.63,0.021,0.5287905099085966,0.0069958984460907325,0.4520916586663807,86,45.21
Agate & Mesa,3st,After - Indirect,indirect,true,true,true,false,false,,,11000,352.0,0.5343847971942502,0.09723310761773793,0.6316179048119882,0.013263976001051753,0.8372,0.63,0.021,0.5287905099085966,0.0069958984460907325,0.4559113929645333,87,45.59
Agate & Mesa,3st,After - Indirect,indirect,true,true,true,false,false,,,11000,352.0,0.5343847971942502,0.09723310761773793,0.6316179048119882,0.013263976001051753,0.8372,0.63,0.021,0.5287905099085966,0.0069958984460907325,0.45970449804570224,88,45.97
Agate & Mesa,3st,After - Indirect,indirect,true,true,true,false,false,,,11000,352.0,0.5343847971942502,0.09723310761773793,0.6316179048119882,0.013263976001051753,0.8372,0.63,0.021,0.5287905099085966,0.0069958984460907325,0.4634711595550508,89,46.35
Agate & Mesa,3st,After - Indirect,indirect,true,true,true,false,false,,,11000,352.0,0.5343847971942502,0.09723310761773793,0.6316179048119882,0.013263976001051753,0.8372,0.63,0.021,0.5287905099085966,0.0069958984460907325,0.46721156184351986,90,46.72
Agate & Mesa,3st,After - Indirect,indirect,true,true,true,false,false,,,11000,352.0,0.5343847971942502,0.09723310761773793,0.6316179048119882,0.013263976001051753,0.8372,0.63,0.021,0.5287905099085966,0.0069958984460907325,0.47092588797685064,91,47.09
Agate & Mesa,3st,After - Indirect,indirect,true,true,true,false,false,,,11000,352.0,0.5343847971942502,0.09723310761773793,0.6316179048119882,0.013263976001051753,0.8372,0.63,0.021,0.5287905099085966,0.0069958984460907325,0.4746143197445446,92,47.46
Agate & Mesa,3st,After - Indirect,indirect,true,true,true,false,false,,,11000,352.0,0.5343847971942502,0.09723310761773793,0.6316179048119882,0.013263976001051753,0.8372,0.63,0.021,0.5287905099085966,0.0069958984460907325,0.4782770376687603,93,47.83
Agate & Mesa,3st,After - Indirect,indirect,true,true,true,false,false,,,11000,352.0,0.5343847971942502,0.09723310761773793,0.6316179048119882,0.013263976001051753,0.8372,0.63,0.021,0.5287905099085966,0.0069958984460907325,0.4819142210131492,94,48.19
Agate & Mesa,3st,After - Indirect,indirect,true,true,true,false,false,,,11000,352.0,0.5343847971942502,0.09723310761773793,0.6316179048119882,0.013263976001051753,0.8372,0.63,0.021,0.5287905099085966,0.0069958984460907325,0.4855260477916288,95,48.55
Agate & Mesa,3st,After - Indirect,indirect,true,true,true,false,false,,,11000,352.0,0.5343847971942502,0.09723310761773793,0.6316179048119882,0.013263976001051753,0.8372,0.63,0.021,0.5287905099085966,0.0069958984460907325,0.48911269477709574,96,48.91
Agate & Mesa,3st,After - Indirect,indirect,true,true,true,false,false,,,11000,352.0,0.5343847971942502,0.09723310761773793,0.6316179048119882,0.013263976001051753,0.8372,0.63,0.021,0.5287905099085966,0.0069958984460907325,0.49267433751007694,97,49.27
Agate & Mesa,3st,After - Indirect,indirect,true,true,true,false,false,,,11000,352.0,0.5343847971942502,0.09723310761773793,0.6316179048119882,0.013263976001051753,0.8372,0.63,0.021,0.5287905099085966,0.0069958984460907325,0.4962111503073213,98,49.62
Agate & Mesa,3st,After - Indirect,indirect,true,true,true,false,false,,,11000,352.0,0.5343847971942502,0.09723310761773793,0.6316179048119882,0.013263976001051753,0.8372,0.63,0.021,0.5287905099085966,0.0069958984460907325,0.49972330627033157,99,49.97
Agate & Mesa,3st,After - Indirect,indirect,true,true,true,false,false,,,11000,352.0,0.5343847971942502,0.09723310761773793,0.6316179048119882,0.013263976001051753,0.8372,0.63,0.021,0.5287905099085966,0.0069958984460907325,0.5032109772938358,100,50.32
Agate & Mesa,3st,Before - Indirect,indirect,true,true,false,false,false,,,11000,1826.0,1.0495108175370085,0.22513488882378,1.2746457063607886,0.026767559833576562,0.8372,1.0,0.021,1.0671333853652523,0.0224098010926703,0.022160566735893727,1,2.22
Agate & Mesa,3st,Before - Indirect,indirect,true,true,false,false,false,,,11000,1826.0,1.0495108175370085,0.22513488882378,1.2746457063607886,0.026767559833576562,0.8372,1.0,0.021,1.0671333853652523,0.0224098010926703,0.04383004275373148,2,4.38
Agate & Mesa,3st,Before - Indirect,indirect,true,true,false,false,false,,,11000,1826.0,1.0495108175370085,0.22513488882378,1.2746457063607886,0.026767559833576562,0.8372,1.0,0.021,1.0671333853652523,0.0224098010926703,0.06501931090214408,3,6.5
Agate & Mesa,3st,Before - Indirect,indirect,true,true,false,false,false,,,11000,1826.0,1.0495108175370085,0.22513488882378,1.2746457063607886,0.026767559833576562,0.8372,1.0,0.021,1.0671333853652523,0.0224098010926703,0.085739012859669,4,8.57
Agate & Mesa,3st,Before - Indirect,indirect,true,true,false,false,false,,,11000,1826.0,1.0495108175370085,0.22513488882378,1.2746457063607886,0.026767559833576562,0.8372,1.0,0.021,1.0671333853652523,0.0224098010926703,0.10599955447921638,5,10.6
Agate & Mesa,3st,Before - Indirect,indirect,true,true,false,false,false,,,11000,1826.0,1.0495108175370085,0.22513488882378,1.2746457063607886,0.026767559833576562,0.8372,1.0,0.021,1.0671333853652523,0.0224098010926703,0.12581111101409836,6,12.58
Agate & Mesa,3st,Before - Indirect,indirect,true,true,false,false,false,,,11000,1826.0,1.0495108175370085,0.22513488882378,1.2746457063607886,0.026767559833576562,0.8372,1.0,0.021,1.0671333853652523,0.0224098010926703,0.14518363222824726,7,14.52
Agate & Mesa,3st,Before - Indirect,indirect,true,true,false,false,false,,,11000,1826.0,1.0495108175370085,0.22513488882378,1.2746457063607886,0.026767559833576562,0.8372,1.0,0.021,1.0671333853652523,0.0224098010926703,0.1641268473931874,8,16.41
Agate & Mesa,3st,Before - Indirect,indirect,true,true,false,false,false,,,11000,1826.0,1.0495108175370085,0.22513488882378,1.2746457063607886,0.026767559833576562,0.8372,1.0,0.021,1.0671333853652523,0.0224098010926703,0.1826502701742726,9,18.27
Agate & Mesa,3st,Before - Indirect,indirect,true,true,false,false,false,,,11000,1826.0,1.0495108175370085,0.22513488882378,1.2746457063607886,0.026767559833576562,0.8372,1.0,0.021,1.0671333853652523,0.0224098010926703,0.2007632034086403,10,20.08
Agate & Mesa,3st,Before - Indirect,indirect,true,true,false,false,false,,,11000,1826.0,1.0495108175370085,0.22513488882378,1.2746457063607886,0.026767559833576562,0.8372,1.0,0.021,1.0671333853652523,0.0224098010926703,0.21847474377728504,11,21.85
Agate & Mesa,3st,Before - Indirect,indirect,true,true,false,false,false,,,11000,1826.0,1.0495108175370085,0.22513488882378,1.2746457063607886,0.026767559833576562,0.8372,1.0,0.021,1.0671333853652523,0.0224098010926703,0.23579378637359505,12,23.58
Agate & Mesa,3st,Before - Indirect,indirect,true,true,false,false,false,,,11000,1826.0,1.0495108175370085,0.22513488882378,1.2746457063607886,0.026767559833576562,0.8372,1.0,0.021,1.0671333853652523,0.0224098010926703,0.25272902917064755,13,25.27
Agate & Mesa,3st,Before - Indirect,indirect,true,true,false,false,false,,,11000,1826.0,1.0495108175370085,0.22513488882378,1.2746457063607886,0.026767559833576562,0.8372,1.0,0.021,1.0671333853652523,0.0224098010926703,0.2692889773895075,14,26.93
Agate & Mesa,3st,Before - Indirect,indirect,true,true,false,false,false,,,11000,1826.0,1.0495108175370085,0.22513488882378,1.2746457063607886,0.026767559833576562,0.8372,1.0,0.021,1.0671333853652523,0.0224098010926703,0.28548194777072045,15,28.55
Agate & Mesa,3st,Before - Indirect,indirect,true,true,false,false,false,,,11000,1826.0,1.0495108175370085,0.22513488882378,1.2746457063607886,0.026767559833576562,0.8372,1.0,0.021,1.0671333853652523,0.0224098010926703,0.30131607275114825,16,30.13
Agate & Mesa,3st,Before - Indirect,indirect,true,true,false,false,false,,,11000,1826.0,1.0495108175370085,0.22513488882378,1.2746457063607886,0.026767559833576562,0.8372,1.0,0.021,1.0671333853652523,0.0224098010926703,0.3167993045482428,17,31.68
Agate & Mesa,3st,Before - Indirect,indirect,true,true,false,false,false,,,11000,1826.0,1.0495108175370085,0.22513488882378,1.2746457063607886,0.026767559833576562,0.8372,1.0,0.021,1.0671333853652523,0.0224098010926703,0.3319394191538104,18,33.19
Agate & Mesa,3st,Before - Indirect,indirect,true,true,false,false,false,,,11000,1826.0,1.0495108175370085,0.22513488882378,1.2746457063607886,0.026767559833576562,0.8372,1.0,0.021,1.0671333853652523,0.0224098010926703,0.3467440202392723,19,34.67
Agate & Mesa,3st,Before - Indirect,indirect,true,true,false,false,false,,,11000,1826.0,1.0495108175370085,0.22513488882378,1.2746457063607886,0.026767559833576562,0.8372,1.0,0.021,1.0671333853652523,0.0224098010926703,0.36122054297438155,20,36.12
Agate & Mesa,3st,Before - Indirect,indirect,true,true,false,false,false,,,11000,1826.0,1.0495108175370085,0.22513488882378,1.2746457063607886,0.026767559833576562,0.8372,1.0,0.021,1.0671333853652523,0.0224098010926703,0.3753762577613158,21,37.54
Agate & Mesa,3st,Before - Indirect,indirect,true,true,false,false,false,,,11000,1826.0,1.0495108175370085,0.22513488882378,1.2746457063607886,0.026767559833576562,0.8372,1.0,0.021,1.0671333853652523,0.0224098010926703,0.3892182738860198,22,38.92
Agate & Mesa,3st,Before - Indirect,indirect,true,true,false,false,false,,,11000,1826.0,1.0495108175370085,0.22513488882378,1.2746457063607886,0.026767559833576562,0.8372,1.0,0.021,1.0671333853652523,0.0224098010926703,0.402753543088633,23,40.28
Agate & Mesa,3st,Before - Indirect,indirect,true,true,false,false,false,,,11000,1826.0,1.0495108175370085,0.22513488882378,1.2746457063607886,0.026767559833576562,0.8372,1.0,0.021,1.0671333853652523,0.0224098010926703,0.41598886305479343,24,41.6
Agate & Mesa,3st,Before - Indirect,indirect,true,true,false,false,false,,,11000,1826.0,1.0495108175370085,0.22513488882378,1.2746457063607886,0.026767559833576562,0.8372,1.0,0.021,1.0671333853652523,0.0224098010926703,0.42893088082957287,25,42.89
Agate & Mesa,3st,Before - Indirect,indirect,true,true,false,false,false,,,11000,1826.0,1.0495108175370085,0.22513488882378,1.2746457063607886,0.026767559833576562,0.8372,1.0,0.021,1.0671333853652523,0.0224098010926703,0.44158609615575717,26,44.16
Agate & Mesa,3st,Before - Indirect,indirect,true,true,false,false,false,,,11000,1826.0,1.0495108175370085,0.22513488882378,1.2746457063607886,0.026767559833576562,0.8372,1.0,0.021,1.0671333853652523,0.0224098010926703,0.45396086473814845,27,45.4
Agate & Mesa,3st,Before - Indirect,indirect,true,true,false,false,false,,,11000,1826.0,1.0495108175370085,0.22513488882378,1.2746457063607886,0.026767559833576562,0.8372,1.0,0.021,1.0671333853652523,0.0224098010926703,0.46606140143552843,28,46.61
Agate & Mesa,3st,Before - Indirect,indirect,true,true,false,false,false,,,11000,1826.0,1.0495108175370085,0.22513488882378,1.2746457063607886,0.026767559833576562,0.8372,1.0,0.021,1.0671333853652523,0.0224098010926703,0.47789378338188593,29,47.79
Agate & Mesa,3st,Before - Indirect,indirect,true,true,false,false,false,,,11000,1826.0,1.0495108175370085,0.22513488882378,1.2746457063607886,0.026767559833576562,0.8372,1.0,0.021,1.0671333853652523,0.0224098010926703,0.48946395303847656,30,48.95
Agate & Mesa,3st,Before - Indirect,indirect,true,true,false,false,false,,,11000,1826.0,1.0495108175370085,0.22513488882378,1.2746457063607886,0.026767559833576562,0.8372,1.0,0.021,1.0671333853652523,0.0224098010926703,0.5007777211782468,31,50.08
Agate & Mesa,3st,Before - Indirect,indirect,true,true,false,false,false,,,11000,1826.0,1.0495108175370085,0.22513488882378,1.2746457063607886,0.026767559833576562,0.8372,1.0,0.021,1.0671333853652523,0.0224098010926703,0.5118407698041212,32,51.18
Agate & Mesa,3st,Before - Indirect,indirect,true,true,false,false,false,,,11000,1826.0,1.0495108175370085,0.22513488882378,1.2746457063607886,0.026767559833576562,0.8372,1.0,0.021,1.0671333853652523,0.0224098010926703,0.5226586550026195,33,52.27
Agate & Mesa,3st,Before - Indirect,indirect,true,true,false,false,false,,,11000,1826.0,1.0495108175370085,0.22513488882378,1.2746457063607886,0.026767559833576562,0.8372,1.0,0.021,1.0671333853652523,0.0224098010926703,0.5332368097342353,34,53.32
Agate & Mesa,3st,Before - Indirect,indirect,true,true,false,false,false,,,11000,1826.0,1.0495108175370085,0.22513488882378,1.2746457063607886,0.026767559833576562,0.8372,1.0,0.021,1.0671333853652523,0.0224098010926703,0.5435805465619783,35,54.36
Agate & Mesa,3st,Before - Indirect,indirect,true,true,false,false,false,,,11000,1826.0,1.0495108175370085,0.22513488882378,1.2746457063607886,0.026767559833576562,0.8372,1.0,0.021,1.0671333853652523,0.0224098010926703,0.5536950603194517,36,55.37
Agate & Mesa,3st,Before - Indirect,indirect,true,true,false,false,false,,,11000,1826.0,1.0495108175370085,0.22513488882378,1.2746457063607886,0.026767559833576562,0.8372,1.0,0.021,1.0671333853652523,0.0224098010926703,0.5635854307198016,37,56.36
Agate & Mesa,3st,Before - Indirect,indirect,true,true,false,false,false,,,11000,1826.0,1.0495108175370085,0.22513488882378,1.2746457063607886,0.026767559833576562,0.8372,1.0,0.021,1.0671333853652523,0.0224098010926703,0.5732566249068518,38,57.33
Agate & Mesa,3st,Before - Indirect,indirect,true,true,false,false,false,,,11000,1826.0,1.0495108175370085,0.22513488882378,1.2746457063607886,0.026767559833576562,0.8372,1.0,0.021,1.0671333853652523,0.0224098010926703,0.5827134999497039,39,58.27
Agate & Mesa,3st,Before - Indirect,indirect,true,true,false,false,false,,,11000,1826.0,1.0495108175370085,0.22513488882378,1.2746457063607886,0.026767559833576562,0.8372,1.0,0.021,1.0671333853652523,0.0224098010926703,0.5919608052820561,40,59.2
Agate & Mesa,3st,Before - Indirect,indirect,true,true,false,false,false,,,11000,1826.0,1.0495108175370085,0.22513488882378,1.2746457063607886,0.026767559833576562,0.8372,1.0,0.021,1.0671333853652523,0.0224098010926703,0.6010031850874634,41,60.1
Agate & Mesa,3st,Before - Indirect,indirect,true,true,false,false,false,,,11000,1826.0,1.0495108175370085,0.22513488882378,1.2746457063607886,0.026767559833576562,0.8372,1.0,0.021,1.0671333853652523,0.0224098010926703,0.6098451806317418,42,60.98
Agate & Mesa,3st,Before - Indirect,indirect,true,true,false,false,false,,,11000,1826.0,1.0495108175370085,0.22513488882378,1.2746457063607886,0.026767559833576562,0.8372,1.0,0.021,1.0671333853652523,0.0224098010926703,0.6184912325436827,43,61.85
Agate & Mesa,3st,Before - Indirect,indirect,true,true,false,false,false,,,11000,1826.0,1.0495108175370085,0.22513488882378,1.2746457063607886,0.026767559833576562,0.8372,1.0,0.021,1.0671333853652523,0.0224098010926703,0.6269456830452269,44,62.69
Agate & Mesa,3st,Before - Indirect,indirect,true,true,false,false,false,,,11000,1826.0,1.0495108175370085,0.22513488882378,1.2746457063607886,0.026767559833576562,0.8372,1.0,0.021,1.0671333853652523,0.0224098010926703,0.6352127781322163,45,63.52
Agate & Mesa,3st,Before - Indirect,indirect,true,true,false,false,false,,,11000,1826.0,1.0495108175370085,0.22513488882378,1.2746457063607886,0.026767559833576562,0.8372,1.0,0.021,1.0671333853652523,0.0224098010926703,0.6432966697068186,46,64.33
Agate & Mesa,3st,Before - Indirect,indirect,true,true,false,false,false,,,11000,1826.0,1.0495108175370085,0.22513488882378,1.2746457063607886,0.026767559833576562,0.8372,1.0,0.021,1.0671333853652523,0.0224098010926703,0.6512014176626962,47,65.12
Agate & Mesa,3st,Before - Indirect,indirect,true,true,false,false,false,,,11000,1826.0,1.0495108175370085,0.22513488882378,1.2746457063607886,0.026767559833576562,0.8372,1.0,0.021,1.0671333853652523,0.0224098010926703,0.6589309919239672,48,65.89
Agate & Mesa,3st,Before - Indirect,indirect,true,true,false,false,false,,,11000,1826.0,1.0495108175370085,0.22513488882378,1.2746457063607886,0.026767559833576562,0.8372,1.0,0.021,1.0671333853652523,0.0224098010926703,0.6664892744389812,49,66.65
Agate & Mesa,3st,Before - Indirect,indirect,true,true,false,false,false,,,11000,1826.0,1.0495108175370085,0.22513488882378,1.2746457063607886,0.026767559833576562,0.8372,1.0,0.021,1.0671333853652523,0.0224098010926703,0.6738800611299125,50,67.39
Agate & Mesa,3st,Before - Indirect,indirect,true,true,false,false,false,,,11000,1826.0,1.0495108175370085,0.22513488882378,1.2746457063607886,0.026767559833576562,0.8372,1.0,0.021,1.0671333853652523,0.0224098010926703,0.6811070637991485,51,68.11
Agate & Mesa,3st,Before - Indirect,indirect,true,true,false,false,false,,,11000,1826.0,1.0495108175370085,0.22513488882378,1.2746457063607886,0.026767559833576562,0.8372,1.0,0.021,1.0671333853652523,0.0224098010926703,0.6881739119934327,52,68.82
Agate & Mesa,3st,Before - Indirect,indirect,true,true,false,false,false,,,11000,1826.0,1.0495108175370085,0.22513488882378,1.2746457063607886,0.026767559833576562,0.8372,1.0,0.021,1.0671333853652523,0.0224098010926703,0.6950841548266948,53,69.51
Agate & Mesa,3st,Before - Indirect,indirect,true,true,false,false,false,,,11000,1826.0,1.0495108175370085,0.22513488882378,1.2746457063607886,0.026767559833576562,0.8372,1.0,0.021,1.0671333853652523,0.0224098010926703,0.7018412627624894,54,70.18
Agate & Mesa,3st,Before - Indirect,indirect,true,true,false,false,false,,,11000,1826.0,1.0495108175370085,0.22513488882378,1.2746457063607886,0.026767559833576562,0.8372,1.0,0.021,1.0671333853652523,0.0224098010926703,0.708448629356931,55,70.84
Agate & Mesa,3st,Before - Indirect,indirect,true,true,false,false,false,,,11000,1826.0,1.0495108175370085,0.22513488882378,1.2746457063607886,0.026767559833576562,0.8372,1.0,0.021,1.0671333853652523,0.0224098010926703,0.714909572963008,56,71.49
Agate & Mesa,3st,Before - Indirect,indirect,true,true,false,false,false,,,11000,1826.0,1.0495108175370085,0.22513488882378,1.2746457063607886,0.026767559833576562,0.8372,1.0,0.021,1.0671333853652523,0.0224098010926703,0.7212273383971257,57,72.12
Agate & Mesa,3st,Before - Indirect,indirect,true,true,false,false,false,,,11000,1826.0,1.0495108175370085,0.22513488882378,1.2746457063607886,0.026767559833576562,0.8372,1.0,0.021,1.0671333853652523,0.0224098010926703,0.727405098568719,58,72.74
Agate & Mesa,3st,Before - Indirect,indirect,true,true,false,false,false,,,11000,1826.0,1.0495108175370085,0.22513488882378,1.2746457063607886,0.026767559833576562,0.8372,1.0,0.021,1.0671333853652523,0.0224098010926703,0.7334459560737512,59,73.34
Agate & Mesa,3st,Before - Indirect,indirect,true,true,false,false,false,,,11000,1826.0,1.0495108175370085,0.22513488882378,1.2746457063607886,0.026767559833576562,0.8372,1.0,0.021,1.0671333853652523,0.0224098010926703,0.7393529447529013,60,73.94
Agate & Mesa,3st,Before - Indirect,indirect,true,true,false,false,false,,,11000,1826.0,1.0495108175370085,0.22513488882378,1.2746457063607886,0.026767559833576562,0.8372,1.0,0.021,1.0671333853652523,0.0224098010926703,0.7451290312152187,61,74.51
Agate & Mesa,3st,Before - Indirect,indirect,true,true,false,false,false,,,11000,1826.0,1.0495108175370085,0.22513488882378,1.2746457063607886,0.026767559833576562,0.8372,1.0,0.021,1.0671333853652523,0.0224098010926703,0.7507771163280157,62,75.08
Agate & Mesa,3st,Before - Indirect,indirect,true,true,false,false,false,,,11000,1826.0,1.0495108175370085,0.22513488882378,1.2746457063607886,0.026767559833576562,0.8372,1.0,0.021,1.0671333853652523,0.0224098010926703,0.7563000366737407,63,75.63
Agate & Mesa,3st,Before - Indirect,indirect,true,true,false,false,false,,,11000,1826.0,1.0495108175370085,0.22513488882378,1.2746457063607886,0.026767559833576562,0.8372,1.0,0.021,1.0671333853652523,0.0224098010926703,0.761700565974567,64,76.17
Agate & Mesa,3st,Before - Indirect,indirect,true,true,false,false,false,,,11000,1826.0,1.0495108175370085,0.22513488882378,1.2746457063607886,0.026767559833576562,0.8372,1.0,0.021,1.0671333853652523,0.0224098010926703,0.7669814164854134,65,76.7
Agate & Mesa,3st,Before - Indirect,indirect,true,true,false,false,false,,,11000,1826.0,1.0495108175370085,0.22513488882378,1.2746457063607886,0.026767559833576562,0.8372,1.0,0.021,1.0671333853652523,0.0224098010926703,0.7721452403560918,66,77.21
Agate & Mesa,3st,Before - Indirect,indirect,true,true,false,false,false,,,11000,1826.0,1.0495108175370085,0.22513488882378,1.2746457063607886,0.026767559833576562,0.8372,1.0,0.021,1.0671333853652523,0.0224098010926703,0.7771946309632717,67,77.72
Agate & Mesa,3st,Before - Indirect,indirect,true,true,false,false,false,,,11000,1826.0,1.0495108175370085,0.22513488882378,1.2746457063607886,0.026767559833576562,0.8372,1.0,0.021,1.0671333853652523,0.0224098010926703,0.7821321242129256,68,78.21
Agate & Mesa,3st,Before - Indirect,indirect,true,true,false,false,false,,,11000,1826.0,1.0495108175370085,0.22513488882378,1.2746457063607886,0.026767559833576562,0.8372,1.0,0.021,1.0671333853652523,0.0224098010926703,0.7869601998139123,69,78.7
Agate & Mesa,3st,Before - Indirect,indirect,true,true,false,false,false,,,11000,1826.0,1.0495108175370085,0.22513488882378,1.2746457063607886,0.026767559833576562,0.8372,1.0,0.021,1.0671333853652523,0.0224098010926703,0.7916812825233376,70,79.17
Agate & Mesa,3st,Before - Indirect,indirect,true,true,false,false,false,,,11000,1826.0,1.0495108175370085,0.22513488882378,1.2746457063607886,0.026767559833576562,0.8372,1.0,0.021,1.0671333853652523,0.0224098010926703,0.796297743364315,71,79.63
Agate & Mesa,3st,Before - Indirect,indirect,true,true,false,false,false,,,11000,1826.0,1.0495108175370085,0.22513488882378,1.2746457063607886,0.026767559833576562,0.8372,1.0,0.021,1.0671333853652523,0.0224098010926703,0.8008119008167423,72,80.08
Agate & Mesa,3st,Before - Indirect,indirect,true,true,false,false,false,,,11000,1826.0,1.0495108175370085,0.22513488882378,1.2746457063607886,0.026767559833576562,0.8372,1.0,0.021,1.0671333853652523,0.0224098010926703,0.8052260219816887,73,80.52
Agate & Mesa,3st,Before - Indirect,indirect,true,true,false,false,false,,,11000,1826.0,1.0495108175370085,0.22513488882378,1.2746457063607886,0.026767559833576562,0.8372,1.0,0.021,1.0671333853652523,0.0224098010926703,0.8095423237199789,74,80.95
Agate & Mesa,3st,Before - Indirect,indirect,true,true,false,false,false,,,11000,1826.0,1.0495108175370085,0.22513488882378,1.2746457063607886,0.026767559833576562,0.8372,1.0,0.021,1.0671333853652523,0.0224098010926703,0.8137629737655456,75,81.38
Agate & Mesa,3st,Before - Indirect,indirect,true,true,false,false,false,,,11000,1826.0,1.0495108175370085,0.22513488882378,1.2746457063607886,0.026767559833576562,0.8372,1.0,0.021,1.0671333853652523,0.0224098010926703,0.8178900918141085,76,81.79
Agate & Mesa,3st,Before - Indirect,indirect,true,true,false,false,false,,,11000,1826.0,1.0495108175370085,0.22513488882378,1.2746457063607886,0.026767559833576562,0.8372,1.0,0.021,1.0671333853652523,0.0224098010926703,0.8219257505877295,77,82.19
Agate & Mesa,3st,Before - Indirect,indirect,true,true,false,false,false,,,11000,1826.0,1.0495108175370085,0.22513488882378,1.2746457063607886,0.026767559833576562,0.8372,1.0,0.021,1.0671333853652523,0.0224098010926703,0.8258719768757743,78,82.59
Agate & Mesa,3st,Before - Indirect,indirect,true,true,false,false,false,,,11000,1826.0,1.0495108175370085,0.22513488882378,1.2746457063607886,0.026767559833576562,0.8372,1.0,0.021,1.0671333853652523,0.0224098010926703,0.8297307525528079,79,82.97
Agate & Mesa,3st,Before - Indirect,indirect,true,true,false,false,false,,,11000,1826.0,1.0495108175370085,0.22513488882378,1.2746457063607886,0.026767559833576562,0.8372,1.0,0.021,1.0671333853652523,0.0224098010926703,0.8335040155739318,80,83.35
Agate & Mesa,3st,Before - Indirect,indirect,true,true,false,false,false,,,11000,1826.0,1.0495108175370085,0.22513488882378,1.2746457063607886,0.026767559833576562,0.8372,1.0,0.021,1.0671333853652523,0.0224098010926703,0.837193660948064,81,83.72
Agate & Mesa,3st,Before - Indirect,indirect,true,true,false,false,false,,,11000,1826.0,1.0495108175370085,0.22513488882378,1.2746457063607886,0.026767559833576562,0.8372,1.0,0.021,1.0671333853652523,0.0224098010926703,0.840801541689651,82,84.08
Agate & Mesa,3st,Before - Indirect,indirect,true,true,false,false,false,,,11000,1826.0,1.0495108175370085,0.22513488882378,1.2746457063607886,0.026767559833576562,0.8372,1.0,0.021,1.0671333853652523,0.0224098010926703,0.8443294697492889,83,84.43
Agate & Mesa,3st,Before - Indirect,indirect,true,true,false,false,false,,,11000,1826.0,1.0495108175370085,0.22513488882378,1.2746457063607886,0.026767559833576562,0.8372,1.0,0.021,1.0671333853652523,0.0224098010926703,0.8477792169237217,84,84.78
Agate & Mesa,3st,Before - Indirect,indirect,true,true,false,false,false,,,11000,1826.0,1.0495108175370085,0.22513488882378,1.2746457063607886,0.026767559833576562,0.8372,1.0,0.021,1.0671333853652523,0.0224098010926703,0.8511525157456736,85,85.12
Agate & Mesa,3st,Before - Indirect,indirect,true,true,false,false,false,,,11000,1826.0,1.0495108175370085,0.22513488882378,1.2746457063607886,0.026767559833576562,0.8372,1.0,0.021,1.0671333853652523,0.0224098010926703,0.8544510603539616,86,85.45
Agate & Mesa,3st,Before - Indirect,indirect,true,true,false,false,false,,,11000,1826.0,1.0495108175370085,0.22513488882378,1.2746457063607886,0.026767559833576562,0.8372,1.0,0.021,1.0671333853652523,0.0224098010926703,0.8576765073443261,87,85.77
Agate & Mesa,3st,Before - Indirect,indirect,true,true,false,false,false,,,11000,1826.0,1.0495108175370085,0.22513488882378,1.2746457063607886,0.026767559833576562,0.8372,1.0,0.021,1.0671333853652523,0.0224098010926703,0.8608304766014077,88,86.08
Agate & Mesa,3st,Before - Indirect,indirect,true,true,false,false,false,,,11000,1826.0,1.0495108175370085,0.22513488882378,1.2746457063607886,0.026767559833576562,0.8372,1.0,0.021,1.0671333853652523,0.0224098010926703,0.8639145521122846,89,86.39
Agate & Mesa,3st,Before - Indirect,indirect,true,true,false,false,false,,,11000,1826.0,1.0495108175370085,0.22513488882378,1.2746457063607886,0.026767559833576562,0.8372,1.0,0.021,1.0671333853652523,0.0224098010926703,0.8669302827619844,90,86.69
Agate & Mesa,3st,Before - Indirect,indirect,true,true,false,false,false,,,11000,1826.0,1.0495108175370085,0.22513488882378,1.2746457063607886,0.026767559833576562,0.8372,1.0,0.021,1.0671333853652523,0.0224098010926703,0.8698791831113639,91,86.99
Agate & Mesa,3st,Before - Indirect,indirect,true,true,false,false,false,,,11000,1826.0,1.0495108175370085,0.22513488882378,1.2746457063607886,0.026767559833576562,0.8372,1.0,0.021,1.0671333853652523,0.0224098010926703,0.8727627341577535,92,87.28
Agate & Mesa,3st,Before - Indirect,indirect,true,true,false,false,false,,,11000,1826.0,1.0495108175370085,0.22513488882378,1.2746457063607886,0.026767559833576562,0.8372,1.0,0.021,1.0671333853652523,0.0224098010926703,0.8755823840787433,93,87.56
Agate & Mesa,3st,Before - Indirect,indirect,true,true,false,false,false,,,11000,1826.0,1.0495108175370085,0.22513488882378,1.2746457063607886,0.026767559833576562,0.8372,1.0,0.021,1.0671333853652523,0.0224098010926703,0.8783395489594872,94,87.83
Agate & Mesa,3st,Before - Indirect,indirect,true,true,false,false,false,,,11000,1826.0,1.0495108175370085,0.22513488882378,1.2746457063607886,0.026767559833576562,0.8372,1.0,0.021,1.0671333853652523,0.0224098010926703,0.8810356135038894,95,88.1
Agate & Mesa,3st,Before - Indirect,indirect,true,true,false,false,false,,,11000,1826.0,1.0495108175370085,0.22513488882378,1.2746457063607886,0.026767559833576562,0.8372,1.0,0.021,1.0671333853652523,0.0224098010926703,0.8836719317300311,96,88.37
Agate & Mesa,3st,Before - Indirect,indirect,true,true,false,false,false,,,11000,1826.0,1.0495108175370085,0.22513488882378,1.2746457063607886,0.026767559833576562,0.8372,1.0,0.021,1.0671333853652523,0.0224098010926703,0.8862498276501853,97,88.62
Agate & Mesa,3st,Before - Indirect,indirect,true,true,false,false,false,,,11000,1826.0,1.0495108175370085,0.22513488882378,1.2746457063607886,0.026767559833576562,0.8372,1.0,0.021,1.0671333853652523,0.0224098010926703,0.8887705959357628,98,88.88
Agate & Mesa,3st,Before - Indirect,indirect,true,true,false,false,false,,,11000,1826.0,1.0495108175370085,0.22513488882378,1.2746457063607886,0.026767559833576562,0.8372,1.0,0.021,1.0671333853652523,0.0224098010926703,0.891235502567522,99,89.12
Agate & Mesa,3st,Before - Indirect,indirect,true,true,false,false,false,,,11000,1826.0,1.0495108175370085,0.22513488882378,1.2746457063607886,0.026767559833576562,0.8372,1.0,0.021,1.0671333853652523,0.0224098010926703,0.8936457854713704,100,89.36
Agate & Mesa,3st,After - Indirect,indirect,true,true,true,false,false,,,11000,1826.0,1.0495108175370085,0.22513488882378,1.2746457063607886,0.026767559833576562,0.8372,0.63,0.021,1.0671333853652523,0.014118174688382288,0.014018980621864352,1,1.4
Agate & Mesa,3st,After - Indirect,indirect,true,true,true,false,false,,,11000,1826.0,1.0495108175370085,0.22513488882378,1.2746457063607886,0.026767559833576562,0.8372,0.63,0.021,1.0671333853652523,0.014118174688382288,0.02784142942605239,2,2.78
Agate & Mesa,3st,After - Indirect,indirect,true,true,true,false,false,,,11000,1826.0,1.0495108175370085,0.22513488882378,1.2746457063607886,0.026767559833576562,0.8372,0.63,0.021,1.0671333853652523,0.014118174688382288,0.041470101588307884,3,4.15
Agate & Mesa,3st,After - Indirect,indirect,true,true,true,false,false,,,11000,1826.0,1.0495108175370085,0.22513488882378,1.2746457063607886,0.026767559833576562,0.8372,0.63,0.021,1.0671333853652523,0.014118174688382288,0.054907713659618995,4,5.49
Agate & Mesa,3st,After - Indirect,indirect,true,true,true,false,false,,,11000,1826.0,1.0495108175370085,0.22513488882378,1.2746457063607886,0.026767559833576562,0.8372,0.63,0.021,1.0671333853652523,0.014118174688382288,0.06815694410769824,5,6.82
Agate & Mesa,3st,After - Indirect,indirect,true,true,true,false,false,,,11000,1826.0,1.0495108175370085,0.22513488882378,1.2746457063607886,0.026767559833576562,0.8372,0.63,0.021,1.0671333853652523,0.014118174688382288,0.0812204338508713,6,8.12
Agate & Mesa,3st,After - Indirect,indirect,true,true,true,false,false,,,11000,1826.0,1.0495108175370085,0.22513488882378,1.2746457063607886,0.026767559833576562,0.8372,0.63,0.021,1.0671333853652523,0.014118174688382288,0.09410078678448075,7,9.41
Agate & Mesa,3st,After - Indirect,indirect,true,true,true,false,false,,,11000,1826.0,1.0495108175370085,0.22513488882378,1.2746457063607886,0.026767559833576562,0.8372,0.63,0.021,1.0671333853652523,0.014118174688382288,0.1068005702999113,8,10.68
Agate & Mesa,3st,After - Indirect,indirect,true,true,true,false,false,,,11000,1826.0,1.0495108175370085,0.22513488882378,1.2746457063607886,0.026767559833576562,0.8372,0.63,0.021,1.0671333853652523,0.014118174688382288,0.11932231579633712,9,11.93
Agate & Mesa,3st,After - Indirect,indirect,true,true,true,false,false,,,11000,1826.0,1.0495108175370085,0.22513488882378,1.2746457063607886,0.026767559833576562,0.8372,0.63,0.021,1.0671333853652523,0.014118174688382288,0.13166851918529665,10,13.17
Agate & Mesa,3st,After - Indirect,indirect,true,true,true,false,false,,,11000,1826.0,1.0495108175370085,0.22513488882378,1.2746457063607886,0.026767559833576562,0.8372,0.63,0.021,1.0671333853652523,0.014118174688382288,0.14384164138819266,11,14.38
Agate & Mesa,3st,After - Indirect,indirect,true,true,true,false,false,,,11000,1826.0,1.0495108175370085,0.22513488882378,1.2746457063607886,0.026767559833576562,0.8372,0.63,0.021,1.0671333853652523,0.014118174688382288,0.15584410882681876,12,15.58
Agate & Mesa,3st,After - Indirect,indirect,true,true,true,false,false,,,11000,1826.0,1.0495108175370085,0.22513488882378,1.2746457063607886,0.026767559833576562,0.8372,0.63,0.021,1.0671333853652523,0.014118174688382288,0.16767831390700816,13,16.77
Agate & Mesa,3st,After - Indirect,indirect,true,true,true,false,false,,,11000,1826.0,1.0495108175370085,0.22513488882378,1.2746457063607886,0.026767559833576562,0.8372,0.63,0.021,1.0671333853652523,0.014118174688382288,0.17934661549550324,14,17.93
Agate & Mesa,3st,After - Indirect,indirect,true,true,true,false,false,,,11000,1826.0,1.0495108175370085,0.22513488882378,1.2746457063607886,0.026767559833576562,0.8372,0.63,0.021,1.0671333853652523,0.014118174688382288,0.1908513393901392,15,19.09
Agate & Mesa,3st,After - Indirect,indirect,true,true,true,false,false,,,11000,1826.0,1.0495108175370085,0.22513488882378,1.2746457063607886,0.026767559833576562,0.8372,0.63,0.021,1.0671333853652523,0.014118174688382288,0.20219477878343628,16,20.22
Agate & Mesa,3st,After - Indirect,indirect,true,true,true,false,false,,,11000,1826.0,1.0495108175370085,0.22513488882378,1.2746457063607886,0.026767559833576562,0.8372,0.63,0.021,1.0671333853652523,0.014118174688382288,0.21337919471969347,17,21.34
Agate & Mesa,3st,After - Indirect,indirect,true,true,true,false,false,,,11000,1826.0,1.0495108175370085,0.22513488882378,1.2746457063607886,0.026767559833576562,0.8372,0.63,0.021,1.0671333853652523,0.014118174688382288,0.2244068165456734,18,22.44
Agate & Mesa,3st,After - Indirect,indirect,true,true,true,false,false,,,11000,1826.0,1.0495108175370085,0.22513488882378,1.2746457063607886,0.026767559833576562,0.8372,0.63,0.021,1.0671333853652523,0.014118174688382288,0.23527984235496968,19,23.53
Agate & Mesa,3st,After - Indirect,indirect,true,true,true,false,false,,,11000,1826.0,1.0495108175370085,0.22513488882378,1.2746457063607886,0.026767559833576562,0.8372,0.63,0.021,1.0671333853652523,0.014118174688382288,0.24600043942614436,20,24.6
Agate & Mesa,3st,After - Indirect,indirect,true,true,true,false,false,,,11000,1826.0,1.0495108175370085,0.22513488882378,1.2746457063607886,0.026767559833576562,0.8372,0.63,0.021,1.0671333853652523,0.014118174688382288,0.2565707446547235,21,25.66
Agate & Mesa,3st,After - Indirect,indirect,true,true,true,false,false,,,11000,1826.0,1.0495108175370085,0.22513488882378,1.2746457063607886,0.026767559833576562,0.8372,0.63,0.021,1.0671333853652523,0.014118174688382288,0.2669928649791359,22,26.7
Agate & Mesa,3st,After - Indirect,indirect,true,true,true,false,false,,,11000,1826.0,1.0495108175370085,0.22513488882378,1.2746457063607886,0.026767559833576562,0.8372,0.63,0.021,1.0671333853652523,0.014118174688382288,0.27726887780068177,23,27.73
Agate & Mesa,3st,After - Indirect,indirect,true,true,true,false,false,,,11000,1826.0,1.0495108175370085,0.22513488882378,1.2746457063607886,0.026767559833576562,0.8372,0.63,0.021,1.0671333853652523,0.014118174688382288,0.2874008313976122,24,28.74
Agate & Mesa,3st,After - Indirect,indirect,true,true,true,false,false,,,11000,1826.0,1.0495108175370085,0.22513488882378,1.2746457063607886,0.026767559833576562,0.8372,0.63,0.021,1.0671333853652523,0.014118174688382288,0.2973907453334057,25,29.74
Agate & Mesa,3st,After - Indirect,indirect,true,true,true,false,false,,,11000,1826.0,1.0495108175370085,0.22513488882378,1.2746457063607886,0.026767559833576562,0.8372,0.63,0.021,1.0671333853652523,0.014118174688382288,0.3072406108593192,26,30.72
Agate & Mesa,3st,After - Indirect,indirect,true,true,true,false,false,,,11000,1826.0,1.0495108175370085,0.22513488882378,1.2746457063607886,0.026767559833576562,0.8372,0.63,0.021,1.0671333853652523,0.014118174688382288,0.31695239131129704,27,31.7
Agate & Mesa,3st,After - Indirect,indirect,true,true,true,false,false,,,11000,1826.0,1.0495108175370085,0.22513488882378,1.2746457063607886,0.026767559833576562,0.8372,0.63,0.021,1.0671333853652523,0.014118174688382288,0.32652802250131463,28,32.65
Agate & Mesa,3st,After - Indirect,indirect,true,true,true,false,false,,,11000,1826.0,1.0495108175370085,0.22513488882378,1.2746457063607886,0.026767559833576562,0.8372,0.63,0.021,1.0671333853652523,0.014118174688382288,0.33596941310323747,29,33.6
Agate & Mesa,3st,After - Indirect,indirect,true,true,true,false,false,,,11000,1826.0,1.0495108175370085,0.22513488882378,1.2746457063607886,0.026767559833576562,0.8372,0.63,0.021,1.0671333853652523,0.014118174688382288,0.3452784450332683,30,34.53
Agate & Mesa,3st,After - Indirect,indirect,true,true,true,false,false,,,11000,1826.0,1.0495108175370085,0.22513488882378,1.2746457063607886,0.026767559833576562,0.8372,0.63,0.021,1.0671333853652523,0.014118174688382288,0.3544569738250638,31,35.45
Agate & Mesa,3st,After - Indirect,indirect,true,true,true,false,false,,,11000,1826.0,1.0495108175370085,0.22513488882378,1.2746457063607886,0.026767559833576562,0.8372,0.63,0.021,1.0671333853652523,0.014118174688382288,0.36350682899958986,32,36.35
Agate & Mesa,3st,After - Indirect,indirect,true,true,true,false,false,,,11000,1826.0,1.0495108175370085,0.22513488882378,1.2746457063607886,0.026767559833576562,0.8372,0.63,0.021,1.0671333853652523,0.014118174688382288,0.3724298144297936,33,37.24
Agate & Mesa,3st,After - Indirect,indirect,true,true,true,false,false,,,11000,1826.0,1.0495108175370085,0.22513488882378,1.2746457063607886,0.026767559833576562,0.8372,0.63,0.021,1.0671333853652523,0.014118174688382288,0.3812277087001621,34,38.12
Agate & Mesa,3st,After - Indirect,indirect,true,true,true,false,false,,,11000,1826.0,1.0495108175370085,0.22513488882378,1.2746457063607886,0.026767559833576562,0.8372,0.63,0.021,1.0671333853652523,0.014118174688382288,0.38990226546124107,35,38.99
Agate & Mesa,3st,After - Indirect,indirect,true,true,true,false,false,,,11000,1826.0,1.0495108175370085,0.22513488882378,1.2746457063607886,0.026767559833576562,0.8372,0.63,0.021,1.0671333853652523,0.014118174688382288,0.39845521377918336,36,39.85
Agate & Mesa,3st,After - Indirect,indirect,true,true,true,false,false,,,11000,1826.0,1.0495108175370085,0.22513488882378,1.2746457063607886,0.026767559833576562,0.8372,0.63,0.021,1.0671333853652523,0.014118174688382288,0.40688825848039645,37,40.69
Agate & Mesa,3st,After - Indirect,indirect,true,true,true,false,false,,,11000,1826.0,1.0495108175370085,0.22513488882378,1.2746457063607886,0.026767559833576562,0.8372,0.63,0.021,1.0671333853652523,0.014118174688382288,0.41520308049136,38,41.52
Agate & Mesa,3st,After - Indirect,indirect,true,true,true,false,false,,,11000,1826.0,1.0495108175370085,0.22513488882378,1.2746457063607886,0.026767559833576562,0.8372,0.63,0.021,1.0671333853652523,0.014118174688382288,0.42340133717367756,39,42.34
Agate & Mesa,3st,After - Indirect,indirect,true,true,true,false,false,,,11000,1826.0,1.0495108175370085,0.22513488882378,1.2746457063607886,0.026767559833576562,0.8372,0.63,0.021,1.0671333853652523,0.014118174688382288,0.43148466265443264,40,43.15
Agate & Mesa,3st,After - Indirect,indirect,true,true,true,false,false,,,11000,1826.0,1.0495108175370085,0.22513488882378,1.2746457063607886,0.026767559833576562,0.8372,0.63,0.021,1.0671333853652523,0.014118174688382288,0.4394546681519128,41,43.95
Agate & Mesa,3st,After - Indirect,indirect,true,true,true,false,false,,,11000,1826.0,1.0495108175370085,0.22513488882378,1.2746457063607886,0.026767559833576562,0.8372,0.63,0.021,1.0671333853652523,0.014118174688382288,0.44731294229676766,42,44.73
Agate & Mesa,3st,After - Indirect,indirect,true,true,true,false,false,,,11000,1826.0,1.0495108175370085,0.22513488882378,1.2746457063607886,0.026767559833576562,0.8372,0.63,0.021,1.0671333853652523,0.014118174688382288,0.4550610514486645,43,45.51
Agate & Mesa,3st,After - Indirect,indirect,true,true,true,false,false,,,11000,1826.0,1.0495108175370085,0.22513488882378,1.2746457063607886,0.026767559833576562,0.8372,0.63,0.021,1.0671333853652523,0.014118174688382288,0.4627005400085047,44,46.27
Agate & Mesa,3st,After - Indirect,indirect,true,true,true,false,false,,,11000,1826.0,1.0495108175370085,0.22513488882378,1.2746457063607886,0.026767559833576562,0.8372,0.63,0.021,1.0671333853652523,0.014118174688382288,0.4702329307262637,45,47.02
Agate & Mesa,3st,After - Indirect,indirect,true,true,true,false,false,,,11000,1826.0,1.0495108175370085,0.22513488882378,1.2746457063607886,0.026767559833576562,0.8372,0.63,0.021,1.0671333853652523,0.014118174688382288,0.47765972500451404,46,47.77
Agate & Mesa,3st,After - Indirect,indirect,true,true,true,false,false,,,11000,1826.0,1.0495108175370085,0.22513488882378,1.2746457063607886,0.026767559833576562,0.8372,0.63,0.021,1.0671333853652523,0.014118174688382288,0.48498240319769503,47,48.5
Agate & Mesa,3st,After - Indirect,indirect,true,true,true,false,false,,,11000,1826.0,1.0495108175370085,0.22513488882378,1.2746457063607886,0.026767559833576562,0.8372,0.63,0.021,1.0671333853652523,0.014118174688382288,0.4922024249071857,48,49.22
Agate & Mesa,3st,After - Indirect,indirect,true,true,true,false,false,,,11000,1826.0,1.0495108175370085,0.22513488882378,1.2746457063607886,0.026767559833576562,0.8372,0.63,0.021,1.0671333853652523,0.014118174688382288,0.49932122927224154,49,49.93
Agate & Mesa,3st,After - Indirect,indirect,true,true,true,false,false,,,11000,1826.0,1.0495108175370085,0.22513488882378,1.2746457063607886,0.026767559833576562,0.8372,0.63,0.021,1.0671333853652523,0.014118174688382288,0.5063402352568529,50,50.63
Agate & Mesa,3st,After - Indirect,indirect,true,true,true,false,false,,,11000,1826.0,1.0495108175370085,0.22513488882378,1.2746457063607886,0.026767559833576562,0.8372,0.63,0.021,1.0671333853652523,0.014118174688382288,0.5132608419325811,51,51.33
Agate & Mesa,3st,After - Indirect,indirect,true,true,true,false,false,,,11000,1826.0,1.0495108175370085,0.22513488882378,1.2746457063607886,0.026767559833576562,0.8372,0.63,0.021,1.0671333853652523,0.014118174688382288,0.5200844287574309,52,52.01
Agate & Mesa,3st,After - Indirect,indirect,true,true,true,false,false,,,11000,1826.0,1.0495108175370085,0.22513488882378,1.2746457063607886,0.026767559833576562,0.8372,0.63,0.021,1.0671333853652523,0.014118174688382288,0.5268123558508113,53,52.68
Agate & Mesa,3st,After - Indirect,indirect,true,true,true,false,false,,,11000,1826.0,1.0495108175370085,0.22513488882378,1.2746457063607886,0.026767559833576562,0.8372,0.63,0.021,1.0671333853652523,0.014118174688382288,0.5334459642646445,54,53.34
Agate & Mesa,3st,After - Indirect,indirect,true,true,true,false,false,,,11000,1826.0,1.0495108175370085,0.22513488882378,1.2746457063607886,0.026767559833576562,0.8372,0.63,0.021,1.0671333853652523,0.014118174688382288,0.539986576250671,55,54.0
Agate & Mesa,3st,After - Indirect,indirect,true,true,true,false,false,,,11000,1826.0,1.0495108175370085,0.22513488882378,1.2746457063607886,0.026767559833576562,0.8372,0.63,0.021,1.0671333853652523,0.014118174688382288,0.5464354955240103,56,54.64
Agate & Mesa,3st,After - Indirect,indirect,true,true,true,false,false,,,11000,1826.0,1.0495108175370085,0.22513488882378,1.2746457063607886,0.026767559833576562,0.8372,0.63,0.021,1.0671333853652523,0.014118174688382288,0.5527940075230247,57,55.28
Agate & Mesa,3st,After - Indirect,indirect,true,true,true,false,false,,,11000,1826.0,1.0495108175370085,0.22513488882378,1.2746457063607886,0.026767559833576562,0.8372,0.63,0.021,1.0671333853652523,0.014118174688382288,0.5590633796655411,58,55.91
Agate & Mesa,3st,After - Indirect,indirect,true,true,true,false,false,,,11000,1826.0,1.0495108175370085,0.22513488882378,1.2746457063607886,0.026767559833576562,0.8372,0.63,0.021,1.0671333853652523,0.014118174688382288,0.5652448616014802,59,56.52
Agate & Mesa,3st,After - Indirect,indirect,true,true,true,false,false,,,11000,1826.0,1.0495108175370085,0.22513488882378,1.2746457063607886,0.026767559833576562,0.8372,0.63,0.021,1.0671333853652523,0.014118174688382288,0.571339685461945,60,57.13
Agate & Mesa,3st,After - Indirect,indirect,true,true,true,false,false,,,11000,1826.0,1.0495108175370085,0.22513488882378,1.2746457063607886,0.026767559833576562,0.8372,0.63,0.021,1.0671333853652523,0.014118174688382288,0.5773490661048162,61,57.73
Agate & Mesa,3st,After - Indirect,indirect,true,true,true,false,false,,,11000,1826.0,1.0495108175370085,0.22513488882378,1.2746457063607886,0.026767559833576562,0.8372,0.63,0.021,1.0671333853652523,0.014118174688382288,0.5832742013569057,62,58.33
Agate & Mesa,3st,After - Indirect,indirect,true,true,true,false,false,,,11000,1826.0,1.0495108175370085,0.22513488882378,1.2746457063607886,0.026767559833576562,0.8372,0.63,0.021,1.0671333853652523,0.014118174688382288,0.5891162722527141,63,58.91
Agate & Mesa,3st,After - Indirect,indirect,true,true,true,false,false,,,11000,1826.0,1.0495108175370085,0.22513488882378,1.2746457063607886,0.026767559833576562,0.8372,0.63,0.021,1.0671333853652523,0.014118174688382288,0.5948764432698427,64,59.49
Agate & Mesa,3st,After - Indirect,indirect,true,true,true,false,false,,,11000,1826.0,1.0495108175370085,0.22513488882378,1.2746457063607886,0.026767559833576562,0.8372,0.63,0.021,1.0671333853652523,0.014118174688382288,0.6005558625611035,65,60.06
Agate & Mesa,3st,After - Indirect,indirect,true,true,true,false,false,,,11000,1826.0,1.0495108175370085,0.22513488882378,1.2746457063607886,0.026767559833576562,0.8372,0.63,0.021,1.0671333853652523,0.014118174688382288,0.6061556621833767,66,60.62
Agate & Mesa,3st,After - Indirect,indirect,true,true,true,false,false,,,11000,1826.0,1.0495108175370085,0.22513488882378,1.2746457063607886,0.026767559833576562,0.8372,0.63,0.021,1.0671333853652523,0.014118174688382288,0.6116769583232589,67,61.17
Agate & Mesa,3st,After - Indirect,indirect,true,true,true,false,false,,,11000,1826.0,1.0495108175370085,0.22513488882378,1.2746457063607886,0.026767559833576562,0.8372,0.63,0.021,1.0671333853652523,0.014118174688382288,0.6171208515195485,68,61.71
Agate & Mesa,3st,After - Indirect,indirect,true,true,true,false,false,,,11000,1826.0,1.0495108175370085,0.22513488882378,1.2746457063607886,0.026767559833576562,0.8372,0.63,0.021,1.0671333853652523,0.014118174688382288,0.6224884268826119,69,62.25
Agate & Mesa,3st,After - Indirect,indirect,true,true,true,false,false,,,11000,1826.0,1.0495108175370085,0.22513488882378,1.2746457063607886,0.026767559833576562,0.8372,0.63,0.021,1.0671333853652523,0.014118174688382288,0.6277807543106741,70,62.78
Agate & Mesa,3st,After - Indirect,indirect,true,true,true,false,false,,,11000,1826.0,1.0495108175370085,0.22513488882378,1.2746457063607886,0.026767559833576562,0.8372,0.63,0.021,1.0671333853652523,0.014118174688382288,0.6329988887030777,71,63.3
Agate & Mesa,3st,After - Indirect,indirect,true,true,true,false,false,,,11000,1826.0,1.0495108175370085,0.22513488882378,1.2746457063607886,0.026767559833576562,0.8372,0.63,0.021,1.0671333853652523,0.014118174688382288,0.638143870170552,72,63.81
Agate & Mesa,3st,After - Indirect,indirect,true,true,true,false,false,,,11000,1826.0,1.0495108175370085,0.22513488882378,1.2746457063607886,0.026767559833576562,0.8372,0.63,0.021,1.0671333853652523,0.014118174688382288,0.6432167242425338,73,64.32
Agate & Mesa,3st,After - Indirect,indirect,true,true,true,false,false,,,11000,1826.0,1.0495108175370085,0.22513488882378,1.2746457063607886,0.026767559833576562,0.8372,0.63,0.021,1.0671333853652523,0.014118174688382288,0.648218462071583,74,64.82
Agate & Mesa,3st,After - Indirect,indirect,true,true,true,false,false,,,11000,1826.0,1.0495108175370085,0.22513488882378,1.2746457063607886,0.026767559833576562,0.8372,0.63,0.021,1.0671333853652523,0.014118174688382288,0.6531500806349311,75,65.32
Agate & Mesa,3st,After - Indirect,indirect,true,true,true,false,false,,,11000,1826.0,1.0495108175370085,0.22513488882378,1.2746457063607886,0.026767559833576562,0.8372,0.63,0.021,1.0671333853652523,0.014118174688382288,0.6580125629332052,76,65.8
Agate & Mesa,3st,After - Indirect,indirect,true,true,true,false,false,,,11000,1826.0,1.0495108175370085,0.22513488882378,1.2746457063607886,0.026767559833576562,0.8372,0.63,0.021,1.0671333853652523,0.014118174688382288,0.6628068781863656,77,66.28
Agate & Mesa,3st,After - Indirect,indirect,true,true,true,false,false,,,11000,1826.0,1.0495108175370085,0.22513488882378,1.2746457063607886,0.026767559833576562,0.8372,0.63,0.021,1.0671333853652523,0.014118174688382288,0.6675339820268968,78,66.75
Agate & Mesa,3st,After - Indirect,indirect,true,true,true,false,false,,,11000,1826.0,1.0495108175370085,0.22513488882378,1.2746457063607886,0.026767559833576562,0.8372,0.63,0.021,1.0671333853652523,0.014118174688382288,0.6721948166902902,79,67.22
Agate & Mesa,3st,After - Indirect,indirect,true,true,true,false,false,,,11000,1826.0,1.0495108175370085,0.22513488882378,1.2746457063607886,0.026767559833576562,0.8372,0.63,0.021,1.0671333853652523,0.014118174688382288,0.6767903112028557,80,67.68
Agate & Mesa,3st,After - Indirect,indirect,true,true,true,false,false,,,11000,1826.0,1.0495108175370085,0.22513488882378,1.2746457063607886,0.026767559833576562,0.8372,0.63,0.021,1.0671333853652523,0.014118174688382288,0.6813213815669017,81,68.13
Agate & Mesa,3st,After - Indirect,indirect,true,true,true,false,false,,,11000,1826.0,1.0495108175370085,0.22513488882378,1.2746457063607886,0.026767559833576562,0.8372,0.63,0.021,1.0671333853652523,0.014118174688382288,0.6857889309433178,82,68.58
Agate & Mesa,3st,After - Indirect,indirect,true,true,true,false,false,,,11000,1826.0,1.0495108175370085,0.22513488882378,1.2746457063607886,0.026767559833576562,0.8372,0.63,0.021,1.0671333853652523,0.014118174688382288,0.6901938498315987,83,69.02
Agate & Mesa,3st,After - Indirect,indirect,true,true,true,false,false,,,11000,1826.0,1.0495108175370085,0.22513488882378,1.2746457063607886,0.026767559833576562,0.8372,0.63,0.021,1.0671333853652523,0.014118174688382288,0.6945370162473439,84,69.45
Agate & Mesa,3st,After - Indirect,indirect,true,true,true,false,false,,,11000,1826.0,1.0495108175370085,0.22513488882378,1.2746457063607886,0.026767559833576562,0.8372,0.63,0.021,1.0671333853652523,0.014118174688382288,0.6988192958972692,85,69.88
Agate & Mesa,3st,After - Indirect,indirect,true,true,true,false,false,,,11000,1826.0,1.0495108175370085,0.22513488882378,1.2746457063607886,0.026767559833576562,0.8372,0.63,0.021,1.0671333853652523,0.014118174688382288,0.7030415423517649,86,70.3
Agate & Mesa,3st,After - Indirect,indirect,true,true,true,false,false,,,11000,1826.0,1.0495108175370085,0.22513488882378,1.2746457063607886,0.026767559833576562,0.8372,0.63,0.021,1.0671333853652523,0.014118174688382288,0.7072045972150343,87,70.72
Agate & Mesa,3st,After - Indirect,indirect,true,true,true,false,false,,,11000,1826.0,1.0495108175370085,0.22513488882378,1.2746457063607886,0.026767559833576562,0.8372,0.63,0.021,1.0671333853652523,0.014118174688382288,0.7113092902928475,88,71.13
Agate & Mesa,3st,After - Indirect,indirect,true,true,true,false,false,,,11000,1826.0,1.0495108175370085,0.22513488882378,1.2746457063607886,0.026767559833576562,0.8372,0.63,0.021,1.0671333853652523,0.014118174688382288,0.7153564397579444,89,71.54
Agate & Mesa,3st,After - Indirect,indirect,true,true,true,false,false,,,11000,1826.0,1.0495108175370085,0.22513488882378,1.2746457063607886,0.026767559833576562,0.8372,0.63,0.021,1.0671333853652523,0.014118174688382288,0.7193468523131163,90,71.93
Agate & Mesa,3st,After - Indirect,indirect,true,true,true,false,false,,,11000,1826.0,1.0495108175370085,0.22513488882378,1.2746457063607886,0.026767559833576562,0.8372,0.63,0.021,1.0671333853652523,0.014118174688382288,0.7232813233520039,91,72.33
Agate & Mesa,3st,After - Indirect,indirect,true,true,true,false,false,,,11000,1826.0,1.0495108175370085,0.22513488882378,1.2746457063607886,0.026767559833576562,0.8372,0.63,0.021,1.0671333853652523,0.014118174688382288,0.7271606371176402,92,72.72
Agate & Mesa,3st,After - Indirect,indirect,true,true,true,false,false,,,11000,1826.0,1.0495108175370085,0.22513488882378,1.2746457063607886,0.026767559833576562,0.8372,0.63,0.021,1.0671333853652523,0.014118174688382288,0.7309855668587697,93,73.1
Agate & Mesa,3st,After - Indirect,indirect,true,true,true,false,false,,,11000,1826.0,1.0495108175370085,0.22513488882378,1.2746457063607886,0.026767559833576562,0.8372,0.63,0.021,1.0671333853652523,0.014118174688382288,0.7347568749839785,94,73.48
Agate & Mesa,3st,After - Indirect,indirect,true,true,true,false,false,,,11000,1826.0,1.0495108175370085,0.22513488882378,1.2746457063607886,0.026767559833576562,0.8372,0.63,0.021,1.0671333853652523,0.014118174688382288,0.7384753132136608,95,73.85
Agate & Mesa,3st,After - Indirect,indirect,true,true,true,false,false,,,11000,1826.0,1.0495108175370085,0.22513488882378,1.2746457063607886,0.026767559833576562,0.8372,0.63,0.021,1.0671333853652523,0.014118174688382288,0.7421416227298576,96,74.21
Agate & Mesa,3st,After - Indirect,indirect,true,true,true,false,false,,,11000,1826.0,1.0495108175370085,0.22513488882378,1.2746457063607886,0.026767559833576562,0.8372,0.63,0.021,1.0671333853652523,0.014118174688382288,0.7457565343239931,97,74.58
Agate & Mesa,3st,After - Indirect,indirect,true,true,true,false,false,,,11000,1826.0,1.0495108175370085,0.22513488882378,1.2746457063607886,0.026767559833576562,0.8372,0.63,0.021,1.0671333853652523,0.014118174688382288,0.7493207685425407,98,74.93
Agate & Mesa,3st,After - Indirect,indirect,true,true,true,false,false,,,11000,1826.0,1.0495108175370085,0.22513488882378,1.2746457063607886,0.026767559833576562,0.8372,0.63,0.021,1.0671333853652523,0.014118174688382288,0.7528350358306467,99,75.28
Agate & Mesa,3st,After - Indirect,indirect,true,true,true,false,false,,,11000,1826.0,1.0495108175370085,0.22513488882378,1.2746457063607886,0.026767559833576562,0.8372,0.63,0.021,1.0671333853652523,0.014118174688382288,0.7563000366737407,100,75.63
Agate & 4th,4st,Before - Indirect,indirect,true,true,false,false,false,,,11000,836.0,1.511028592078244,0.23417188444989953,1.7452004765281435,0.038394410483619155,0.8372,1.0,0.022,1.4610818389493618,0.03214380045688596,0.0316326795966162,1,3.16
Agate & 4th,4st,Before - Indirect,indirect,true,true,false,false,false,,,11000,836.0,1.511028592078244,0.23417188444989953,1.7452004765281435,0.038394410483619155,0.8372,1.0,0.022,1.4610818389493618,0.03214380045688596,0.06226473277477018,2,6.23
Agate & 4th,4st,Before - Indirect,indirect,true,true,false,false,false,,,11000,836.0,1.511028592078244,0.23417188444989953,1.7452004765281435,0.038394410483619155,0.8372,1.0,0.022,1.4610818389493618,0.03214380045688596,0.09192781202935318,3,9.19
Agate & 4th,4st,Before - Indirect,indirect,true,true,false,false,false,,,11000,836.0,1.511028592078244,0.23417188444989953,1.7452004765281435,0.038394410483619155,0.8372,1.0,0.022,1.4610818389493618,0.03214380045688596,0.12065256860202678,4,12.07
Agate & 4th,4st,Before - Indirect,indirect,true,true,false,false,false,,,11000,836.0,1.511028592078244,0.23417188444989953,1.7452004765281435,0.038394410483619155,0.8372,1.0,0.022,1.4610818389493618,0.03214380045688596,0.1484686841535463,5,14.85
Agate & 4th,4st,Before - Indirect,indirect,true,true,false,false,false,,,11000,836.0,1.511028592078244,0.23417188444989953,1.7452004765281435,0.038394410483619155,0.8372,1.0,0.022,1.4610818389493618,0.03214380045688596,0.17540490143420218,6,17.54
Agate & 4th,4st,Before - Indirect,indirect,true,true,false,false,false,,,11000,836.0,1.511028592078244,0.23417188444989953,1.7452004765281435,0.038394410483619155,0.8372,1.0,0.022,1.4610818389493618,0.03214380045688596,0.20148905398407424,7,20.15
Agate & 4th,4st,Before - Indirect,indirect,true,true,false,false,false,,,11000,836.0,1.511028592078244,0.23417188444989953,1.7452004765281435,0.038394410483619155,0.8372,1.0,0.022,1.4610818389493618,0.03214380045688596,0.2267480948937869,8,22.67
Agate & 4th,4st,Before - Indirect,indirect,true,true,false,false,false,,,11000,836.0,1.511028592078244,0.23417188444989953,1.7452004765281435,0.038394410483619155,0.8372,1.0,0.022,1.4610818389493618,0.03214380045688596,0.2512081246554848,9,25.12
Agate & 4th,4st,Before - Indirect,indirect,true,true,false,false,false,,,11000,836.0,1.511028592078244,0.23417188444989953,1.7452004765281435,0.038394410483619155,0.8372,1.0,0.022,1.4610818389493618,0.03214380045688596,0.27489441813280724,10,27.49
Agate & 4th,4st,Before - Indirect,indirect,true,true,false,false,false,,,11000,836.0,1.511028592078244,0.23417188444989953,1.7452004765281435,0.038394410483619155,0.8372,1.0,0.022,1.4610818389493618,0.03214380045688596,0.29783145067773,11,29.78
Agate & 4th,4st,Before - Indirect,indirect,true,true,false,false,false,,,11000,836.0,1.511028592078244,0.23417188444989953,1.7452004765281435,0.038394410483619155,0.8372,1.0,0.022,1.4610818389493618,0.03214380045688596,0.32004292342126217,12,32.0
Agate & 4th,4st,Before - Indirect,indirect,true,true,false,false,false,,,11000,836.0,1.511028592078244,0.23417188444989953,1.7452004765281435,0.038394410483619155,0.8372,1.0,0.022,1.4610818389493618,0.03214380045688596,0.3415517877641292,13,34.16
Agate & 4th,4st,Before - Indirect,indirect,true,true,false,false,false,,,11000,836.0,1.511028592078244,0.23417188444989953,1.7452004765281435,0.038394410483619155,0.8372,1.0,0.022,1.4610818389493618,0.03214380045688596,0.36238026909275123,14,36.24
Agate & 4th,4st,Before - Indirect,indirect,true,true,false,false,false,,,11000,836.0,1.511028592078244,0.23417188444989953,1.7452004765281435,0.038394410483619155,0.8372,1.0,0.022,1.4610818389493618,0.03214380045688596,0.3825498897450209,15,38.25
Agate & 4th,4st,Before - Indirect,indirect,true,true,false,false,false,,,11000,836.0,1.511028592078244,0.23417188444989953,1.7452004765281435,0.038394410483619155,0.8372,1.0,0.022,1.4610818389493618,0.03214380045688596,0.402081491249612,16,40.21
Agate & 4th,4st,Before - Indirect,indirect,true,true,false,false,false,,,11000,836.0,1.511028592078244,0.23417188444989953,1.7452004765281435,0.038394410483619155,0.8372,1.0,0.022,1.4610818389493618,0.03214380045688596,0.42099525586179953,17,42.1
Agate & 4th,4st,Before - Indirect,indirect,true,true,false,false,false,,,11000,836.0,1.511028592078244,0.23417188444989953,1.7452004765281435,0.038394410483619155,0.8372,1.0,0.022,1.4610818389493618,0.03214380045688596,0.439310727418044,18,43.93
Agate & 4th,4st,Before - Indirect,indirect,true,true,false,false,false,,,11000,836.0,1.511028592078244,0.23417188444989953,1.7452004765281435,0.038394410483619155,0.8372,1.0,0.022,1.4610818389493618,0.03214380045688596,0.45704683153088876,19,45.7
Agate & 4th,4st,Before - Indirect,indirect,true,true,false,false,false,,,11000,836.0,1.511028592078244,0.23417188444989953,1.7452004765281435,0.038394410483619155,0.8372,1.0,0.022,1.4610818389493618,0.03214380045688596,0.47422189514503976,20,47.42
Agate & 4th,4st,Before - Indirect,indirect,true,true,false,false,false,,,11000,836.0,1.511028592078244,0.23417188444989953,1.7452004765281435,0.038394410483619155,0.8372,1.0,0.022,1.4610818389493618,0.03214380045688596,0.4908536654748328,21,49.09
Agate & 4th,4st,Before - Indirect,indirect,true,true,false,false,false,,,11000,836.0,1.511028592078244,0.23417188444989953,1.7452004765281435,0.038394410483619155,0.8372,1.0,0.022,1.4610818389493618,0.03214380045688596,0.506959328342659,22,50.7
Agate & 4th,4st,Before - Indirect,indirect,true,true,false,false,false,,,11000,836.0,1.511028592078244,0.23417188444989953,1.7452004765281435,0.038394410483619155,0.8372,1.0,0.022,1.4610818389493618,0.03214380045688596,0.522555525937296,23,52.26
Agate & 4th,4st,Before - Indirect,indirect,true,true,false,false,false,,,11000,836.0,1.511028592078244,0.23417188444989953,1.7452004765281435,0.038394410483619155,0.8372,1.0,0.022,1.4610818389493618,0.03214380045688596,0.5376583740104965,24,53.77
Agate & 4th,4st,Before - Indirect,indirect,true,true,false,false,false,,,11000,836.0,1.511028592078244,0.23417188444989953,1.7452004765281435,0.038394410483619155,0.8372,1.0,0.022,1.4610818389493618,0.03214380045688596,0.5522834785296009,25,55.23
Agate & 4th,4st,Before - Indirect,indirect,true,true,false,false,false,,,11000,836.0,1.511028592078244,0.23417188444989953,1.7452004765281435,0.038394410483619155,0.8372,1.0,0.022,1.4610818389493618,0.03214380045688596,0.5664459518033857,26,56.64
Agate & 4th,4st,Before - Indirect,indirect,true,true,false,false,false,,,11000,836.0,1.511028592078244,0.23417188444989953,1.7452004765281435,0.038394410483619155,0.8372,1.0,0.022,1.4610818389493618,0.03214380045688596,0.580160428097805,27,58.02
Agate & 4th,4st,Before - Indirect,indirect,true,true,false,false,false,,,11000,836.0,1.511028592078244,0.23417188444989953,1.7452004765281435,0.038394410483619155,0.8372,1.0,0.022,1.4610818389493618,0.03214380045688596,0.5934410787577676,28,59.34
Agate & 4th,4st,Before - Indirect,indirect,true,true,false,false,false,,,11000,836.0,1.511028592078244,0.23417188444989953,1.7452004765281435,0.038394410483619155,0.8372,1.0,0.022,1.4610818389493618,0.03214380045688596,0.6063016268505692,29,60.63
Agate & 4th,4st,Before - Indirect,indirect,true,true,false,false,false,,,11000,836.0,1.511028592078244,0.23417188444989953,1.7452004765281435,0.038394410483619155,0.8372,1.0,0.022,1.4610818389493618,0.03214380045688596,0.6187553613461141,30,61.88
Agate & 4th,4st,Before - Indirect,indirect,true,true,false,false,false,,,11000,836.0,1.511028592078244,0.23417188444989953,1.7452004765281435,0.038394410483619155,0.8372,1.0,0.022,1.4610818389493618,0.03214380045688596,0.6308151508485802,31,63.08
Agate & 4th,4st,Before - Indirect,indirect,true,true,false,false,false,,,11000,836.0,1.511028592078244,0.23417188444989953,1.7452004765281435,0.038394410483619155,0.8372,1.0,0.022,1.4610818389493618,0.03214380045688596,0.6424934568937122,32,64.25
Agate & 4th,4st,Before - Indirect,indirect,true,true,false,false,false,,,11000,836.0,1.511028592078244,0.23417188444989953,1.7452004765281435,0.038394410483619155,0.8372,1.0,0.022,1.4610818389493618,0.03214380045688596,0.6538023468254872,33,65.38
Agate & 4th,4st,Before - Indirect,indirect,true,true,false,false,false,,,11000,836.0,1.511028592078244,0.23417188444989953,1.7452004765281435,0.038394410483619155,0.8372,1.0,0.022,1.4610818389493618,0.03214380045688596,0.664753506265457,34,66.48
Agate & 4th,4st,Before - Indirect,indirect,true,true,false,false,false,,,11000,836.0,1.511028592078244,0.23417188444989953,1.7452004765281435,0.038394410483619155,0.8372,1.0,0.022,1.4610818389493618,0.03214380045688596,0.6753582511876508,35,67.54
Agate & 4th,4st,Before - Indirect,indirect,true,true,false,false,false,,,11000,836.0,1.511028592078244,0.23417188444989953,1.7452004765281435,0.038394410483619155,0.8372,1.0,0.022,1.4610818389493618,0.03214380045688596,0.685627539611517,36,68.56
Agate & 4th,4st,Before - Indirect,indirect,true,true,false,false,false,,,11000,836.0,1.511028592078244,0.23417188444989953,1.7452004765281435,0.038394410483619155,0.8372,1.0,0.022,1.4610818389493618,0.03214380045688596,0.6955719829249858,37,69.56
Agate & 4th,4st,Before - Indirect,indirect,true,true,false,false,false,,,11000,836.0,1.511028592078244,0.23417188444989953,1.7452004765281435,0.038394410483619155,0.8372,1.0,0.022,1.4610818389493618,0.03214380045688596,0.705201856849353,38,70.52
Agate & 4th,4st,Before - Indirect,indirect,true,true,false,false,false,,,11000,836.0,1.511028592078244,0.23417188444989953,1.7452004765281435,0.038394410483619155,0.8372,1.0,0.022,1.4610818389493618,0.03214380045688596,0.7145271120573147,39,71.45
Agate & 4th,4st,Before - Indirect,indirect,true,true,false,false,false,,,11000,836.0,1.511028592078244,0.23417188444989953,1.7452004765281435,0.038394410483619155,0.8372,1.0,0.022,1.4610818389493618,0.03214380045688596,0.7235573844551264,40,72.36
Agate & 4th,4st,Before - Indirect,indirect,true,true,false,false,false,,,11000,836.0,1.511028592078244,0.23417188444989953,1.7452004765281435,0.038394410483619155,0.8372,1.0,0.022,1.4610818389493618,0.03214380045688596,0.7323020051395079,41,73.23
Agate & 4th,4st,Before - Indirect,indirect,true,true,false,false,false,,,11000,836.0,1.511028592078244,0.23417188444989953,1.7452004765281435,0.038394410483619155,0.8372,1.0,0.022,1.4610818389493618,0.03214380045688596,0.7407700100395864,42,74.08
Agate & 4th,4st,Before - Indirect,indirect,true,true,false,false,false,,,11000,836.0,1.511028592078244,0.23417188444989953,1.7452004765281435,0.038394410483619155,0.8372,1.0,0.022,1.4610818389493618,0.03214380045688596,0.7489701492538383,43,74.9
Agate & 4th,4st,Before - Indirect,indirect,true,true,false,false,false,,,11000,836.0,1.511028592078244,0.23417188444989953,1.7452004765281435,0.038394410483619155,0.8372,1.0,0.022,1.4610818389493618,0.03214380045688596,0.7569108960916779,44,75.69
Agate & 4th,4st,Before - Indirect,indirect,true,true,false,false,false,,,11000,836.0,1.511028592078244,0.23417188444989953,1.7452004765281435,0.038394410483619155,0.8372,1.0,0.022,1.4610818389493618,0.03214380045688596,0.7646004558290385,45,76.46
Agate & 4th,4st,Before - Indirect,indirect,true,true,false,false,false,,,11000,836.0,1.511028592078244,0.23417188444989953,1.7452004765281435,0.038394410483619155,0.8372,1.0,0.022,1.4610818389493618,0.03214380045688596,0.7720467741869881,46,77.2
Agate & 4th,4st,Before - Indirect,indirect,true,true,false,false,false,,,11000,836.0,1.511028592078244,0.23417188444989953,1.7452004765281435,0.038394410483619155,0.8372,1.0,0.022,1.4610818389493618,0.03214380045688596,0.7792575455421461,47,77.93
Agate & 4th,4st,Before - Indirect,indirect,true,true,false,false,false,,,11000,836.0,1.511028592078244,0.23417188444989953,1.7452004765281435,0.038394410483619155,0.8372,1.0,0.022,1.4610818389493618,0.03214380045688596,0.786240220877382,48,78.62
Agate & 4th,4st,Before - Indirect,indirect,true,true,false,false,false,,,11000,836.0,1.511028592078244,0.23417188444989953,1.7452004765281435,0.038394410483619155,0.8372,1.0,0.022,1.4610818389493618,0.03214380045688596,0.7930020154810112,49,79.3
Agate & 4th,4st,Before - Indirect,indirect,true,true,false,false,false,,,11000,836.0,1.511028592078244,0.23417188444989953,1.7452004765281435,0.038394410483619155,0.8372,1.0,0.022,1.4610818389493618,0.03214380045688596,0.7995499164024458,50,79.95
Agate & 4th,4st,Before - Indirect,indirect,true,true,false,false,false,,,11000,836.0,1.511028592078244,0.23417188444989953,1.7452004765281435,0.038394410483619155,0.8372,1.0,0.022,1.4610818389493618,0.03214380045688596,0.8058906896720022,51,80.59
Agate & 4th,4st,Before - Indirect,indirect,true,true,false,false,false,,,11000,836.0,1.511028592078244,0.23417188444989953,1.7452004765281435,0.038394410483619155,0.8372,1.0,0.022,1.4610818389493618,0.03214380045688596,0.8120308872923279,52,81.2
Agate & 4th,4st,Before - Indirect,indirect,true,true,false,false,false,,,11000,836.0,1.511028592078244,0.23417188444989953,1.7452004765281435,0.038394410483619155,0.8372,1.0,0.022,1.4610818389493618,0.03214380045688596,0.8179768540086698,53,81.8
Agate & 4th,4st,Before - Indirect,indirect,true,true,false,false,false,,,11000,836.0,1.511028592078244,0.23417188444989953,1.7452004765281435,0.038394410483619155,0.8372,1.0,0.022,1.4610818389493618,0.03214380045688596,0.8237347338649816,54,82.37
Agate & 4th,4st,Before - Indirect,indirect,true,true,false,false,false,,,11000,836.0,1.511028592078244,0.23417188444989953,1.7452004765281435,0.038394410483619155,0.8372,1.0,0.022,1.4610818389493618,0.03214380045688596,0.829310476552643,55,82.93
Agate & 4th,4st,Before - Indirect,indirect,true,true,false,false,false,,,11000,836.0,1.511028592078244,0.23417188444989953,1.7452004765281435,0.038394410483619155,0.8372,1.0,0.022,1.4610818389493618,0.03214380045688596,0.8347098435583523,56,83.47
Agate & 4th,4st,Before - Indirect,indirect,true,true,false,false,false,,,11000,836.0,1.511028592078244,0.23417188444989953,1.7452004765281435,0.038394410483619155,0.8372,1.0,0.022,1.4610818389493618,0.03214380045688596,0.8399384141175456,57,83.99
Agate & 4th,4st,Before - Indirect,indirect,true,true,false,false,false,,,11000,836.0,1.511028592078244,0.23417188444989953,1.7452004765281435,0.038394410483619155,0.8372,1.0,0.022,1.4610818389493618,0.03214380045688596,0.8450015909794915,58,84.5
Agate & 4th,4st,Before - Indirect,indirect,true,true,false,false,false,,,11000,836.0,1.511028592078244,0.23417188444989953,1.7452004765281435,0.038394410483619155,0.8372,1.0,0.022,1.4610818389493618,0.03214380045688596,0.8499046059900225,59,84.99
Agate & 4th,4st,Before - Indirect,indirect,true,true,false,false,false,,,11000,836.0,1.511028592078244,0.23417188444989953,1.7452004765281435,0.038394410483619155,0.8372,1.0,0.022,1.4610818389493618,0.03214380045688596,0.854652525497668,60,85.47
Agate & 4th,4st,Before - Indirect,indirect,true,true,false,false,false,,,11000,836.0,1.511028592078244,0.23417188444989953,1.7452004765281435,0.038394410483619155,0.8372,1.0,0.022,1.4610818389493618,0.03214380045688596,0.8592502555887775,61,85.93
Agate & 4th,4st,Before - Indirect,indirect,true,true,false,false,false,,,11000,836.0,1.511028592078244,0.23417188444989953,1.7452004765281435,0.038394410483619155,0.8372,1.0,0.022,1.4610818389493618,0.03214380045688596,0.8637025471570434,62,86.37
Agate & 4th,4st,Before - Indirect,indirect,true,true,false,false,false,,,11000,836.0,1.511028592078244,0.23417188444989953,1.7452004765281435,0.038394410483619155,0.8372,1.0,0.022,1.4610818389493618,0.03214380045688596,0.8680140008126596,63,86.8
Agate & 4th,4st,Before - Indirect,indirect,true,true,false,false,false,,,11000,836.0,1.511028592078244,0.23417188444989953,1.7452004765281435,0.038394410483619155,0.8372,1.0,0.022,1.4610818389493618,0.03214380045688596,0.872189071636192,64,87.22
Agate & 4th,4st,Before - Indirect,indirect,true,true,false,false,false,,,11000,836.0,1.511028592078244,0.23417188444989953,1.7452004765281435,0.038394410483619155,0.8372,1.0,0.022,1.4610818389493618,0.03214380045688596,0.8762320737820704,65,87.62
Agate & 4th,4st,Before - Indirect,indirect,true,true,false,false,false,,,11000,836.0,1.511028592078244,0.23417188444989953,1.7452004765281435,0.038394410483619155,0.8372,1.0,0.022,1.4610818389493618,0.03214380045688596,0.8801471849364597,66,88.01
Agate & 4th,4st,Before - Indirect,indirect,true,true,false,false,false,,,11000,836.0,1.511028592078244,0.23417188444989953,1.7452004765281435,0.038394410483619155,0.8372,1.0,0.022,1.4610818389493618,0.03214380045688596,0.8839384506341172,67,88.39
Agate & 4th,4st,Before - Indirect,indirect,true,true,false,false,false,,,11000,836.0,1.511028592078244,0.23417188444989953,1.7452004765281435,0.038394410483619155,0.8372,1.0,0.022,1.4610818389493618,0.03214380045688596,0.887609788438695,68,88.76
Agate & 4th,4st,Before - Indirect,indirect,true,true,false,false,false,,,11000,836.0,1.511028592078244,0.23417188444989953,1.7452004765281435,0.038394410483619155,0.8372,1.0,0.022,1.4610818389493618,0.03214380045688596,0.8911649919908097,69,89.12
Agate & 4th,4st,Before - Indirect,indirect,true,true,false,false,false,,,11000,836.0,1.511028592078244,0.23417188444989953,1.7452004765281435,0.038394410483619155,0.8372,1.0,0.022,1.4610818389493618,0.03214380045688596,0.8946077349280596,70,89.46
Agate & 4th,4st,Before - Indirect,indirect,true,true,false,false,false,,,11000,836.0,1.511028592078244,0.23417188444989953,1.7452004765281435,0.038394410483619155,0.8372,1.0,0.022,1.4610818389493618,0.03214380045688596,0.8979415746810419,71,89.79
Agate & 4th,4st,Before - Indirect,indirect,true,true,false,false,false,,,11000,836.0,1.511028592078244,0.23417188444989953,1.7452004765281435,0.038394410483619155,0.8372,1.0,0.022,1.4610818389493618,0.03214380045688596,0.9011699561492917,72,90.12
Agate & 4th,4st,Before - Indirect,indirect,true,true,false,false,false,,,11000,836.0,1.511028592078244,0.23417188444989953,1.7452004765281435,0.038394410483619155,0.8372,1.0,0.022,1.4610818389493618,0.03214380045688596,0.9042962152609406,73,90.43
Agate & 4th,4st,Before - Indirect,indirect,true,true,false,false,false,,,11000,836.0,1.511028592078244,0.23417188444989953,1.7452004765281435,0.038394410483619155,0.8372,1.0,0.022,1.4610818389493618,0.03214380045688596,0.9073235824197748,74,90.73
Agate & 4th,4st,Before - Indirect,indirect,true,true,false,false,false,,,11000,836.0,1.511028592078244,0.23417188444989953,1.7452004765281435,0.038394410483619155,0.8372,1.0,0.022,1.4610818389493618,0.03214380045688596,0.9102551858432524,75,91.03
Agate & 4th,4st,Before - Indirect,indirect,true,true,false,false,false,,,11000,836.0,1.511028592078244,0.23417188444989953,1.7452004765281435,0.038394410483619155,0.8372,1.0,0.022,1.4610818389493618,0.03214380045688596,0.9130940547949306,76,91.31
Agate & 4th,4st,Before - Indirect,indirect,true,true,false,false,false,,,11000,836.0,1.511028592078244,0.23417188444989953,1.7452004765281435,0.038394410483619155,0.8372,1.0,0.022,1.4610818389493618,0.03214380045688596,0.9158431227146436,77,91.58
Agate & 4th,4st,Before - Indirect,indirect,true,true,false,false,false,,,11000,836.0,1.511028592078244,0.23417188444989953,1.7452004765281435,0.038394410483619155,0.8372,1.0,0.022,1.4610818389493618,0.03214380045688596,0.918505230249663,78,91.85
Agate & 4th,4st,Before - Indirect,indirect,true,true,false,false,false,,,11000,836.0,1.511028592078244,0.23417188444989953,1.7452004765281435,0.038394410483619155,0.8372,1.0,0.022,1.4610818389493618,0.03214380045688596,0.9210831281899755,79,92.11
Agate & 4th,4st,Before - Indirect,indirect,true,true,false,false,false,,,11000,836.0,1.511028592078244,0.23417188444989953,1.7452004765281435,0.038394410483619155,0.8372,1.0,0.022,1.4610818389493618,0.03214380045688596,0.9235794803107092,80,92.36
Agate & 4th,4st,Before - Indirect,indirect,true,true,false,false,false,,,11000,836.0,1.511028592078244,0.23417188444989953,1.7452004765281435,0.038394410483619155,0.8372,1.0,0.022,1.4610818389493618,0.03214380045688596,0.9259968661246475,81,92.6
Agate & 4th,4st,Before - Indirect,indirect,true,true,false,false,false,,,11000,836.0,1.511028592078244,0.23417188444989953,1.7452004765281435,0.038394410483619155,0.8372,1.0,0.022,1.4610818389493618,0.03214380045688596,0.9283377835476719,82,92.83
Agate & 4th,4st,Before - Indirect,indirect,true,true,false,false,false,,,11000,836.0,1.511028592078244,0.23417188444989953,1.7452004765281435,0.038394410483619155,0.8372,1.0,0.022,1.4610818389493618,0.03214380045688596,0.9306046514798918,83,93.06
Agate & 4th,4st,Before - Indirect,indirect,true,true,false,false,false,,,11000,836.0,1.511028592078244,0.23417188444989953,1.7452004765281435,0.038394410483619155,0.8372,1.0,0.022,1.4610818389493618,0.03214380045688596,0.9327998123051239,84,93.28
Agate & 4th,4st,Before - Indirect,indirect,true,true,false,false,false,,,11000,836.0,1.511028592078244,0.23417188444989953,1.7452004765281435,0.038394410483619155,0.8372,1.0,0.022,1.4610818389493618,0.03214380045688596,0.9349255343113084,85,93.49
Agate & 4th,4st,Before - Indirect,indirect,true,true,false,false,false,,,11000,836.0,1.511028592078244,0.23417188444989953,1.7452004765281435,0.038394410483619155,0.8372,1.0,0.022,1.4610818389493618,0.03214380045688596,0.9369840140343597,86,93.7
Agate & 4th,4st,Before - Indirect,indirect,true,true,false,false,false,,,11000,836.0,1.511028592078244,0.23417188444989953,1.7452004765281435,0.038394410483619155,0.8372,1.0,0.022,1.4610818389493618,0.03214380045688596,0.9389773785278758,87,93.9
Agate & 4th,4st,Before - Indirect,indirect,true,true,false,false,false,,,11000,836.0,1.511028592078244,0.23417188444989953,1.7452004765281435,0.038394410483619155,0.8372,1.0,0.022,1.4610818389493618,0.03214380045688596,0.940907687561049,88,94.09
Agate & 4th,4st,Before - Indirect,indirect,true,true,false,false,false,,,11000,836.0,1.511028592078244,0.23417188444989953,1.7452004765281435,0.038394410483619155,0.8372,1.0,0.022,1.4610818389493618,0.03214380045688596,0.9427769357470535,89,94.28
Agate & 4th,4st,Before - Indirect,indirect,true,true,false,false,false,,,11000,836.0,1.511028592078244,0.23417188444989953,1.7452004765281435,0.038394410483619155,0.8372,1.0,0.022,1.4610818389493618,0.03214380045688596,0.9445870546041035,90,94.46
Agate & 4th,4st,Before - Indirect,indirect,true,true,false,false,false,,,11000,836.0,1.511028592078244,0.23417188444989953,1.7452004765281435,0.038394410483619155,0.8372,1.0,0.022,1.4610818389493618,0.03214380045688596,0.9463399145513167,91,94.63
Agate & 4th,4st,Before - Indirect,indirect,true,true,false,false,false,,,11000,836.0,1.511028592078244,0.23417188444989953,1.7452004765281435,0.038394410483619155,0.8372,1.0,0.022,1.4610818389493618,0.03214380045688596,0.9480373268414419,92,94.8
Agate & 4th,4st,Before - Indirect,indirect,true,true,false,false,false,,,11000,836.0,1.511028592078244,0.23417188444989953,1.7452004765281435,0.038394410483619155,0.8372,1.0,0.022,1.4610818389493618,0.03214380045688596,0.9496810454324504,93,94.97
Agate & 4th,4st,Before - Indirect,indirect,true,true,false,false,false,,,11000,836.0,1.511028592078244,0.23417188444989953,1.7452004765281435,0.038394410483619155,0.8372,1.0,0.022,1.4610818389493618,0.03214380045688596,0.9512727687999223,94,95.13
Agate & 4th,4st,Before - Indirect,indirect,true,true,false,false,false,,,11000,836.0,1.511028592078244,0.23417188444989953,1.7452004765281435,0.038394410483619155,0.8372,1.0,0.022,1.4610818389493618,0.03214380045688596,0.9528141416921045,95,95.28
Agate & 4th,4st,Before - Indirect,indirect,true,true,false,false,false,,,11000,836.0,1.511028592078244,0.23417188444989953,1.7452004765281435,0.038394410483619155,0.8372,1.0,0.022,1.4610818389493618,0.03214380045688596,0.9543067568294495,96,95.43
Agate & 4th,4st,Before - Indirect,indirect,true,true,false,false,false,,,11000,836.0,1.511028592078244,0.23417188444989953,1.7452004765281435,0.038394410483619155,0.8372,1.0,0.022,1.4610818389493618,0.03214380045688596,0.9557521565503939,97,95.58
Agate & 4th,4st,Before - Indirect,indirect,true,true,false,false,false,,,11000,836.0,1.511028592078244,0.23417188444989953,1.7452004765281435,0.038394410483619155,0.8372,1.0,0.022,1.4610818389493618,0.03214380045688596,0.9571518344050765,98,95.72
Agate & 4th,4st,Before - Indirect,indirect,true,true,false,false,false,,,11000,836.0,1.511028592078244,0.23417188444989953,1.7452004765281435,0.038394410483619155,0.8372,1.0,0.022,1.4610818389493618,0.03214380045688596,0.9585072366986435,99,95.85
Agate & 4th,4st,Before - Indirect,indirect,true,true,false,false,false,,,11000,836.0,1.511028592078244,0.23417188444989953,1.7452004765281435,0.038394410483619155,0.8372,1.0,0.022,1.4610818389493618,0.03214380045688596,0.9598197639857335,100,95.98
Agate & 4th,4st,After - Indirect,indirect,true,true,false,true,false,,,11000,1386.0,1.7145964510130736,0.24881787985196718,1.9634143308650407,0.043195115279030895,0.6446440000000001,1.0,0.022,1.2657032679061635,0.027845471893935596,0.027461360255674694,1,2.75
Agate & 4th,4st,After - Indirect,indirect,true,true,false,true,false,,,11000,1386.0,1.7145964510130736,0.24881787985196718,1.9634143308650407,0.043195115279030895,0.6446440000000001,1.0,0.022,1.2657032679061635,0.027845471893935596,0.05416859420425735,2,5.42
Agate & 4th,4st,After - Indirect,indirect,true,true,false,true,false,,,11000,1386.0,1.7145964510130736,0.24881787985196718,1.9634143308650407,0.043195115279030895,0.6446440000000001,1.0,0.022,1.2657032679061635,0.027845471893935596,0.08014241117994536,3,8.01
Agate & 4th,4st,After - Indirect,indirect,true,true,false,true,false,,,11000,1386.0,1.7145964510130736,0.24881787985196718,1.9634143308650407,0.043195115279030895,0.6446440000000001,1.0,0.022,1.2657032679061635,0.027845471893935596,0.10540295181044912,4,10.54
Agate & 4th,4st,After - Indirect,indirect,true,true,false,true,false,,,11000,1386.0,1.7145964510130736,0.24881787985196718,1.9634143308650407,0.043195115279030895,0.6446440000000001,1.0,0.022,1.2657032679061635,0.027845471893935596,0.12996980363444555,5,13.0
Agate & 4th,4st,After - Indirect,indirect,true,true,false,true,false,,,11000,1386.0,1.7145964510130736,0.24881787985196718,1.9634143308650407,0.043195115279030895,0.6446440000000001,1.0,0.022,1.2657032679061635,0.027845471893935596,0.1538620162901554,6,15.39
Agate & 4th,4st,After - Indirect,indirect,true,true,false,true,false,,,11000,1386.0,1.7145964510130736,0.24881787985196718,1.9634143308650407,0.043195115279030895,0.6446440000000001,1.0,0.022,1.2657032679061635,0.027845471893935596,0.1770981162868216,7,17.71
Agate & 4th,4st,After - Indirect,indirect,true,true,false,true,false,,,11000,1386.0,1.7145964510130736,0.24881787985196718,1.9634143308650407,0.043195115279030895,0.6446440000000001,1.0,0.022,1.2657032679061635,0.027845471893935596,0.1996961213705425,8,19.97
Agate & 4th,4st,After - Indirect,indirect,true,true,false,true,false,,,11000,1386.0,1.7145964510130736,0.24881787985196718,1.9634143308650407,0.043195115279030895,0.6446440000000001,1.0,0.022,1.2657032679061635,0.027845471893935596,0.22167355449559967,9,22.17
Agate & 4th,4st,After - Indirect,indirect,true,true,false,true,false,,,11000,1386.0,1.7145964510130736,0.24881787985196718,1.9634143308650407,0.043195115279030895,0.6446440000000001,1.0,0.022,1.2657032679061635,0.027845471893935596,0.24304745741211475,10,24.3
Agate & 4th,4st,After - Indirect,indirect,true,true,false,true,false,,,11000,1386.0,1.7145964510130736,0.24881787985196718,1.9634143308650407,0.043195115279030895,0.6446440000000001,1.0,0.022,1.2657032679061635,0.027845471893935596,0.26383440388056956,11,26.38
Agate & 4th,4st,After - Indirect,indirect,true,true,false,true,false,,,11000,1386.0,1.7145964510130736,0.24881787985196718,1.9634143308650407,0.043195115279030895,0.6446440000000001,1.0,0.022,1.2657032679061635,0.027845471893935596,0.2840505125234387,12,28.41
Agate & 4th,4st,After - Indirect,indirect,true,true,false,true,false,,,11000,1386.0,1.7145964510130736,0.24881787985196718,1.9634143308650407,0.043195115279030895,0.6446440000000001,1.0,0.022,1.2657032679061635,0.027845471893935596,0.3037114593238982,13,30.37
Agate & 4th,4st,After - Indirect,indirect,true,true,false,true,false,,,11000,1386.0,1.7145964510130736,0.24881787985196718,1.9634143308650407,0.043195115279030895,0.6446440000000001,1.0,0.022,1.2657032679061635,0.027845471893935596,0.32283248978130263,14,32.28
Agate & 4th,4st,After - Indirect,indirect,true,true,false,true,false,,,11000,1386.0,1.7145964510130736,0.24881787985196718,1.9634143308650407,0.043195115279030895,0.6446440000000001,1.0,0.022,1.2657032679061635,0.027845471893935596,0.34142843073285645,15,34.14
Agate & 4th,4st,After - Indirect,indirect,true,true,false,true,false,,,11000,1386.0,1.7145964510130736,0.24881787985196718,1.9634143308650407,0.043195115279030895,0.6446440000000001,1.0,0.022,1.2657032679061635,0.027845471893935596,0.35951370185064646,16,35.95
Agate & 4th,4st,After - Indirect,indirect,true,true,false,true,false,,,11000,1386.0,1.7145964510130736,0.24881787985196718,1.9634143308650407,0.043195115279030895,0.6446440000000001,1.0,0.022,1.2657032679061635,0.027845471893935596,0.3771023268229493,17,37.71
Agate & 4th,4st,After - Indirect,indirect,true,true,false,true,false,,,11000,1386.0,1.7145964510130736,0.24881787985196718,1.9634143308650407,0.043195115279030895,0.6446440000000001,1.0,0.022,1.2657032679061635,0.027845471893935596,0.3942079442284858,18,39.42
Agate & 4th,4st,After - Indirect,indirect,true,true,false,true,false,,,11000,1386.0,1.7145964510130736,0.24881787985196718,1.9634143308650407,0.043195115279030895,0.6446440000000001,1.0,0.022,1.2657032679061635,0.027845471893935596,0.41084381811205306,19,41.08
Agate & 4th,4st,After - Indirect,indirect,true,true,false,true,false,,,11000,1386.0,1.7145964510130736,0.24881787985196718,1.9634143308650407,0.043195115279030895,0.6446440000000001,1.0,0.022,1.2657032679061635,0.027845471893935596,0.4270228482697358,20,42.7
Agate & 4th,4st,After - Indirect,indirect,true,true,false,true,false,,,11000,1386.0,1.7145964510130736,0.24881787985196718,1.9634143308650407,0.043195115279030895,0.6446440000000001,1.0,0.022,1.2657032679061635,0.027845471893935596,0.4427575802516709,21,44.28
Agate & 4th,4st,After - Indirect,indirect,true,true,false,true,false,,,11000,1386.0,1.7145964510130736,0.24881787985196718,1.9634143308650407,0.043195115279030895,0.6446440000000001,1.0,0.022,1.2657032679061635,0.027845471893935596,0.4580602150901236,22,45.81
Agate & 4th,4st,After - Indirect,indirect,true,true,false,true,false,,,11000,1386.0,1.7145964510130736,0.24881787985196718,1.9634143308650407,0.043195115279030895,0.6446440000000001,1.0,0.022,1.2657032679061635,0.027845471893935596,0.47294261876041666,23,47.29
Agate & 4th,4st,After - Indirect,indirect,true,true,false,true,false,,,11000,1386.0,1.7145964510130736,0.24881787985196718,1.9634143308650407,0.043195115279030895,0.6446440000000001,1.0,0.022,1.2657032679061635,0.027845471893935596,0.4874163313820492,24,48.74
Agate & 4th,4st,After - Indirect,indirect,true,true,false,true,false,,,11000,1386.0,1.7145964510130736,0.24881787985196718,1.9634143308650407,0.043195115279030895,0.6446440000000001,1.0,0.022,1.2657032679061635,0.027845471893935596,0.501492576167142,25,50.15
Agate & 4th,4st,After - Indirect,indirect,true,true,false,true,false,,,11000,1386.0,1.7145964510130736,0.24881787985196718,1.9634143308650407,0.043195115279030895,0.6446440000000001,1.0,0.022,1.2657032679061635,0.027845471893935596,0.5151822681231445,26,51.52
Agate & 4th,4st,After - Indirect,indirect,true,true,false,true,false,,,11000,1386.0,1.7145964510130736,0.24881787985196718,1.9634143308650407,0.043195115279030895,0.6446440000000001,1.0,0.022,1.2657032679061635,0.027845471893935596,0.5284960225165539,27,52.85
Agate & 4th,4st,After - Indirect,indirect,true,true,false,true,false,,,11000,1386.0,1.7145964510130736,0.24881787985196718,1.9634143308650407,0.043195115279030895,0.6446440000000001,1.0,0.022,1.2657032679061635,0.027845471893935596,0.5414441631042104,28,54.14
Agate & 4th,4st,After - Indirect,indirect,true,true,false,true,false,,,11000,1386.0,1.7145964510130736,0.24881787985196718,1.9634143308650407,0.043195115279030895,0.6446440000000001,1.0,0.022,1.2657032679061635,0.027845471893935596,0.554036730138548,29,55.4
Agate & 4th,4st,After - Indirect,indirect,true,true,false,true,false,,,11000,1386.0,1.7145964510130736,0.24881787985196718,1.9634143308650407,0.043195115279030895,0.6446440000000001,1.0,0.022,1.2657032679061635,0.027845471893935596,0.566283488153012,30,56.63
Agate & 4th,4st,After - Indirect,indirect,true,true,false,true,false,,,11000,1386.0,1.7145964510130736,0.24881787985196718,1.9634143308650407,0.043195115279030895,0.6446440000000001,1.0,0.022,1.2657032679061635,0.027845471893935596,0.5781939335336768,31,57.82
Agate & 4th,4st,After - Indirect,indirect,true,true,false,true,false,,,11000,1386.0,1.7145964510130736,0.24881787985196718,1.9634143308650407,0.043195115279030895,0.6446440000000001,1.0,0.022,1.2657032679061635,0.027845471893935596,0.5897773018829374,32,58.98
Agate & 4th,4st,After - Indirect,indirect,true,true,false,true,false,,,11000,1386.0,1.7145964510130736,0.24881787985196718,1.9634143308650407,0.043195115279030895,0.6446440000000001,1.0,0.022,1.2657032679061635,0.027845471893935596,0.6010425751809849,33,60.1
Agate & 4th,4st,After - Indirect,indirect,true,true,false,true,false,,,11000,1386.0,1.7145964510130736,0.24881787985196718,1.9634143308650407,0.043195115279030895,0.6446440000000001,1.0,0.022,1.2657032679061635,0.027845471893935596,0.6119984887506162,34,61.2
Agate & 4th,4st,After - Indirect,indirect,true,true,false,true,false,,,11000,1386.0,1.7145964510130736,0.24881787985196718,1.9634143308650407,0.043195115279030895,0.6446440000000001,1.0,0.022,1.2657032679061635,0.027845471893935596,0.6226535380307817,35,62.27
Agate & 4th,4st,After - Indirect,indirect,true,true,false,true,false,,,11000,1386.0,1.7145964510130736,0.24881787985196718,1.9634143308650407,0.043195115279030895,0.6446440000000001,1.0,0.022,1.2657032679061635,0.027845471893935596,0.6330159851641226,36,63.3
Agate & 4th,4st,After - Indirect,indirect,true,true,false,true,false,,,11000,1386.0,1.7145964510130736,0.24881787985196718,1.9634143308650407,0.043195115279030895,0.6446440000000001,1.0,0.022,1.2657032679061635,0.027845471893935596,0.6430938654036045,37,64.31
Agate & 4th,4st,After - Indirect,indirect,true,true,false,true,false,,,11000,1386.0,1.7145964510130736,0.24881787985196718,1.9634143308650407,0.043195115279030895,0.6446440000000001,1.0,0.022,1.2657032679061635,0.027845471893935596,0.6528949933432164,38,65.29
Agate & 4th,4st,After - Indirect,indirect,true,true,false,true,false,,,11000,1386.0,1.7145964510130736,0.24881787985196718,1.9634143308650407,0.043195115279030895,0.6446440000000001,1.0,0.022,1.2657032679061635,0.027845471893935596,0.6624269689775667,39,66.24
Agate & 4th,4st,After - Indirect,indirect,true,true,false,true,false,,,11000,1386.0,1.7145964510130736,0.24881787985196718,1.9634143308650407,0.043195115279030895,0.6446440000000001,1.0,0.022,1.2657032679061635,0.027845471893935596,0.6716971835950738,40,67.17
Agate & 4th,4st,After - Indirect,indirect,true,true,false,true,false,,,11000,1386.0,1.7145964510130736,0.24881787985196718,1.9634143308650407,0.043195115279030895,0.6446440000000001,1.0,0.022,1.2657032679061635,0.027845471893935596,0.6807128255093221,41,68.07
Agate & 4th,4st,After - Indirect,indirect,true,true,false,true,false,,,11000,1386.0,1.7145964510130736,0.24881787985196718,1.9634143308650407,0.043195115279030895,0.6446440000000001,1.0,0.022,1.2657032679061635,0.027845471893935596,0.689480885633027,42,68.95
Agate & 4th,4st,After - Indirect,indirect,true,true,false,true,false,,,11000,1386.0,1.7145964510130736,0.24881787985196718,1.9634143308650407,0.043195115279030895,0.6446440000000001,1.0,0.022,1.2657032679061635,0.027845471893935596,0.6980081628989315,43,69.8
Agate & 4th,4st,After - Indirect,indirect,true,true,false,true,false,,,11000,1386.0,1.7145964510130736,0.24881787985196718,1.9634143308650407,0.043195115279030895,0.6446440000000001,1.0,0.022,1.2657032679061635,0.027845471893935596,0.7063012695318369,44,70.63
Agate & 4th,4st,After - Indirect,indirect,true,true,false,true,false,,,11000,1386.0,1.7145964510130736,0.24881787985196718,1.9634143308650407,0.043195115279030895,0.6446440000000001,1.0,0.022,1.2657032679061635,0.027845471893935596,0.7143666361758575,45,71.44
Agate & 4th,4st,After - Indirect,indirect,true,true,false,true,false,,,11000,1386.0,1.7145964510130736,0.24881787985196718,1.9634143308650407,0.043195115279030895,0.6446440000000001,1.0,0.022,1.2657032679061635,0.027845471893935596,0.7222105168808725,46,72.22
Agate & 4th,4st,After - Indirect,indirect,true,true,false,true,false,,,11000,1386.0,1.7145964510130736,0.24881787985196718,1.9634143308650407,0.043195115279030895,0.6446440000000001,1.0,0.022,1.2657032679061635,0.027845471893935596,0.7298389939520444,47,72.98
Agate & 4th,4st,After - Indirect,indirect,true,true,false,true,false,,,11000,1386.0,1.7145964510130736,0.24881787985196718,1.9634143308650407,0.043195115279030895,0.6446440000000001,1.0,0.022,1.2657032679061635,0.027845471893935596,0.7372579826661628,48,73.73
Agate & 4th,4st,After - Indirect,indirect,true,true,false,true,false,,,11000,1386.0,1.7145964510130736,0.24881787985196718,1.9634143308650407,0.043195115279030895,0.6446440000000001,1.0,0.022,1.2657032679061635,0.027845471893935596,0.74447323585847,49,74.45
Agate & 4th,4st,After - Indirect,indirect,true,true,false,true,false,,,11000,1386.0,1.7145964510130736,0.24881787985196718,1.9634143308650407,0.043195115279030895,0.6446440000000001,1.0,0.022,1.2657032679061635,0.027845471893935596,0.7514903483835274,50,75.15
Agate & 4th,4st,After - Indirect,indirect,true,true,false,true,false,,,11000,1386.0,1.7145964510130736,0.24881787985196718,1.9634143308650407,0.043195115279030895,0.6446440000000001,1.0,0.022,1.2657032679061635,0.027845471893935596,0.7583147614535796,51,75.83
Agate & 4th,4st,After - Indirect,indirect,true,true,false,true,false,,,11000,1386.0,1.7145964510130736,0.24881787985196718,1.9634143308650407,0.043195115279030895,0.6446440000000001,1.0,0.022,1.2657032679061635,0.027845471893935596,0.7649517668577814,52,76.5
Agate & 4th,4st,After - Indirect,indirect,true,true,false,true,false,,,11000,1386.0,1.7145964510130736,0.24881787985196718,1.9634143308650407,0.043195115279030895,0.6446440000000001,1.0,0.022,1.2657032679061635,0.027845471893935596,0.7714065110655597,53,77.14
Agate & 4th,4st,After - Indirect,indirect,true,true,false,true,false,,,11000,1386.0,1.7145964510130736,0.24881787985196718,1.9634143308650407,0.043195115279030895,0.6446440000000001,1.0,0.022,1.2657032679061635,0.027845471893935596,0.7776839992172899,54,77.77
Agate & 4th,4st,After - Indirect,indirect,true,true,false,true,false,,,11000,1386.0,1.7145964510130736,0.24881787985196718,1.9634143308650407,0.043195115279030895,0.6446440000000001,1.0,0.022,1.2657032679061635,0.027845471893935596,0.7837890990053848,55,78.38
Agate & 4th,4st,After - Indirect,indirect,true,true,false,true,false,,,11000,1386.0,1.7145964510130736,0.24881787985196718,1.9634143308650407,0.043195115279030895,0.6446440000000001,1.0,0.022,1.2657032679061635,0.027845471893935596,0.789726544448802,56,78.97
Agate & 4th,4st,After - Indirect,indirect,true,true,false,true,false,,,11000,1386.0,1.7145964510130736,0.24881787985196718,1.9634143308650407,0.043195115279030895,0.6446440000000001,1.0,0.022,1.2657032679061635,0.027845471893935596,0.795500939563899,57,79.55
Agate & 4th,4st,After - Indirect,indirect,true,true,false,true,false,,,11000,1386.0,1.7145964510130736,0.24881787985196718,1.9634143308650407,0.043195115279030895,0.6446440000000001,1.0,0.022,1.2657032679061635,0.027845471893935596,0.8011167619344817,58,80.11
Agate & 4th,4st,After - Indirect,indirect,true,true,false,true,false,,,11000,1386.0,1.7145964510130736,0.24881787985196718,1.9634143308650407,0.043195115279030895,0.6446440000000001,1.0,0.022,1.2657032679061635,0.027845471893935596,0.8065783661838141,59,80.66
Agate & 4th,4st,After - Indirect,indirect,true,true,false,true,false,,,11000,1386.0,1.7145964510130736,0.24881787985196718,1.9634143308650407,0.043195115279030895,0.6446440000000001,1.0,0.022,1.2657032679061635,0.027845471893935596,0.8118899873512815,60,81.19
Agate & 4th,4st,After - Indirect,indirect,true,true,false,true,false,,,11000,1386.0,1.7145964510130736,0.24881787985196718,1.9634143308650407,0.043195115279030895,0.6446440000000001,1.0,0.022,1.2657032679061635,0.027845471893935596,0.8170557441763275,61,81.71
Agate & 4th,4st,After - Indirect,indirect,true,true,false,true,false,,,11000,1386.0,1.7145964510130736,0.24881787985196718,1.9634143308650407,0.043195115279030895,0.6446440000000001,1.0,0.022,1.2657032679061635,0.027845471893935596,0.8220796422922076,62,82.21
Agate & 4th,4st,After - Indirect,indirect,true,true,false,true,false,,,11000,1386.0,1.7145964510130736,0.24881787985196718,1.9634143308650407,0.043195115279030895,0.6446440000000001,1.0,0.022,1.2657032679061635,0.027845471893935596,0.8269655773320399,63,82.7
Agate & 4th,4st,After - Indirect,indirect,true,true,false,true,false,,,11000,1386.0,1.7145964510130736,0.24881787985196718,1.9634143308650407,0.043195115279030895,0.6446440000000001,1.0,0.022,1.2657032679061635,0.027845471893935596,0.8317173379495574,64,83.17
Agate & 4th,4st,After - Indirect,indirect,true,true,false,true,false,,,11000,1386.0,1.7145964510130736,0.24881787985196718,1.9634143308650407,0.043195115279030895,0.6446440000000001,1.0,0.022,1.2657032679061635,0.027845471893935596,0.8363386087569085,65,83.63
Agate & 4th,4st,After - Indirect,indirect,true,true,false,true,false,,,11000,1386.0,1.7145964510130736,0.24881787985196718,1.9634143308650407,0.043195115279030895,0.6446440000000001,1.0,0.022,1.2657032679061635,0.027845471893935596,0.84083297318178,66,84.08
Agate & 4th,4st,After - Indirect,indirect,true,true,false,true,false,,,11000,1386.0,1.7145964510130736,0.24881787985196718,1.9634143308650407,0.043195115279030895,0.6446440000000001,1.0,0.022,1.2657032679061635,0.027845471893935596,0.8452039162460597,67,84.52
Agate & 4th,4st,After - Indirect,indirect,true,true,false,true,false,,,11000,1386.0,1.7145964510130736,0.24881787985196718,1.9634143308650407,0.043195115279030895,0.6446440000000001,1.0,0.022,1.2657032679061635,0.027845471893935596,0.8494548272681943,68,84.95
Agate & 4th,4st,After - Indirect,indirect,true,true,false,true,false,,,11000,1386.0,1.7145964510130736,0.24881787985196718,1.9634143308650407,0.043195115279030895,0.6446440000000001,1.0,0.022,1.2657032679061635,0.027845471893935596,0.8535890024913352,69,85.36
Agate & 4th,4st,After - Indirect,indirect,true,true,false,true,false,,,11000,1386.0,1.7145964510130736,0.24881787985196718,1.9634143308650407,0.043195115279030895,0.6446440000000001,1.0,0.022,1.2657032679061635,0.027845471893935596,0.8576096476393134,70,85.76
Agate & 4th,4st,After - Indirect,indirect,true,true,false,true,false,,,11000,1386.0,1.7145964510130736,0.24881787985196718,1.9634143308650407,0.043195115279030895,0.6446440000000001,1.0,0.022,1.2657032679061635,0.027845471893935596,0.8615198804024226,71,86.15
Agate & 4th,4st,After - Indirect,indirect,true,true,false,true,false,,,11000,1386.0,1.7145964510130736,0.24881787985196718,1.9634143308650407,0.043195115279030895,0.6446440000000001,1.0,0.022,1.2657032679061635,0.027845471893935596,0.8653227328549405,72,86.53
Agate & 4th,4st,After - Indirect,indirect,true,true,false,true,false,,,11000,1386.0,1.7145964510130736,0.24881787985196718,1.9634143308650407,0.043195115279030895,0.6446440000000001,1.0,0.022,1.2657032679061635,0.027845471893935596,0.8690211538062608,73,86.9
Agate & 4th,4st,After - Indirect,indirect,true,true,false,true,false,,,11000,1386.0,1.7145964510130736,0.24881787985196718,1.9634143308650407,0.043195115279030895,0.6446440000000001,1.0,0.022,1.2657032679061635,0.027845471893935596,0.8726180110874596,74,87.26
Agate & 4th,4st,After - Indirect,indirect,true,true,false,true,false,,,11000,1386.0,1.7145964510130736,0.24881787985196718,1.9634143308650407,0.043195115279030895,0.6446440000000001,1.0,0.022,1.2657032679061635,0.027845471893935596,0.8761160937750713,75,87.61
Agate & 4th,4st,After - Indirect,indirect,true,true,false,true,false,,,11000,1386.0,1.7145964510130736,0.24881787985196718,1.9634143308650407,0.043195115279030895,0.6446440000000001,1.0,0.022,1.2657032679061635,0.027845471893935596,0.8795181143537942,76,87.95
Agate & 4th,4st,After - Indirect,indirect,true,true,false,true,false,,,11000,1386.0,1.7145964510130736,0.24881787985196718,1.9634143308650407,0.043195115279030895,0.6446440000000001,1.0,0.022,1.2657032679061635,0.027845471893935596,0.8828267108198077,77,88.28
Agate & 4th,4st,After - Indirect,indirect,true,true,false,true,false,,,11000,1386.0,1.7145964510130736,0.24881787985196718,1.9634143308650407,0.043195115279030895,0.6446440000000001,1.0,0.022,1.2657032679061635,0.027845471893935596,0.8860444487263273,78,88.6
Agate & 4th,4st,After - Indirect,indirect,true,true,false,true,false,,,11000,1386.0,1.7145964510130736,0.24881787985196718,1.9634143308650407,0.043195115279030895,0.6446440000000001,1.0,0.022,1.2657032679061635,0.027845471893935596,0.8891738231729877,79,88.92
Agate & 4th,4st,After - Indirect,indirect,true,true,false,true,false,,,11000,1386.0,1.7145964510130736,0.24881787985196718,1.9634143308650407,0.043195115279030895,0.6446440000000001,1.0,0.022,1.2657032679061635,0.027845471893935596,0.8922172607405933,80,89.22
Agate & 4th,4st,After - Indirect,indirect,true,true,false,true,false,,,11000,1386.0,1.7145964510130736,0.24881787985196718,1.9634143308650407,0.043195115279030895,0.6446440000000001,1.0,0.022,1.2657032679061635,0.027845471893935596,0.8951771213727393,81,89.52
Agate & 4th,4st,After - Indirect,indirect,true,true,false,true,false,,,11000,1386.0,1.7145964510130736,0.24881787985196718,1.9634143308650407,0.043195115279030895,0.6446440000000001,1.0,0.022,1.2657032679061635,0.027845471893935596,0.8980557002057594,82,89.81
Agate & 4th,4st,After - Indirect,indirect,true,true,false,true,false,,,11000,1386.0,1.7145964510130736,0.24881787985196718,1.9634143308650407,0.043195115279030895,0.6446440000000001,1.0,0.022,1.2657032679061635,0.027845471893935596,0.9008552293484215,83,90.09
Agate & 4th,4st,After - Indirect,indirect,true,true,false,true,false,,,11000,1386.0,1.7145964510130736,0.24881787985196718,1.9634143308650407,0.043195115279030895,0.6446440000000001,1.0,0.022,1.2657032679061635,0.027845471893935596,0.9035778796127507,84,90.36
Agate & 4th,4st,After - Indirect,indirect,true,true,false,true,false,,,11000,1386.0,1.7145964510130736,0.24881787985196718,1.9634143308650407,0.043195115279030895,0.6446440000000001,1.0,0.022,1.2657032679061635,0.027845471893935596,0.9062257621973211,85,90.62
Agate & 4th,4st,After - Indirect,indirect,true,true,false,true,false,,,11000,1386.0,1.7145964510130736,0.24881787985196718,1.9634143308650407,0.043195115279030895,0.6446440000000001,1.0,0.022,1.2657032679061635,0.027845471893935596,0.9088009303243217,86,90.88
Agate & 4th,4st,After - Indirect,indirect,true,true,false,true,false,,,11000,1386.0,1.7145964510130736,0.24881787985196718,1.9634143308650407,0.043195115279030895,0.6446440000000001,1.0,0.022,1.2657032679061635,0.027845471893935596,0.9113053808316679,87,91.13
Agate & 4th,4st,After - Indirect,indirect,true,true,false,true,false,,,11000,1386.0,1.7145964510130736,0.24881787985196718,1.9634143308650407,0.043195115279030895,0.6446440000000001,1.0,0.022,1.2657032679061635,0.027845471893935596,0.9137410557213893,88,91.37
Agate & 4th,4st,After - Indirect,indirect,true,true,false,true,false,,,11000,1386.0,1.7145964510130736,0.24881787985196718,1.9634143308650407,0.043195115279030895,0.6446440000000001,1.0,0.022,1.2657032679061635,0.027845471893935596,0.9161098436654984,89,91.61
Agate & 4th,4st,After - Indirect,indirect,true,true,false,true,false,,,11000,1386.0,1.7145964510130736,0.24881787985196718,1.9634143308650407,0.043195115279030895,0.6446440000000001,1.0,0.022,1.2657032679061635,0.027845471893935596,0.918413581470505,90,91.84
Agate & 4th,4st,After - Indirect,indirect,true,true,false,true,false,,,11000,1386.0,1.7145964510130736,0.24881787985196718,1.9634143308650407,0.043195115279030895,0.6446440000000001,1.0,0.022,1.2657032679061635,0.027845471893935596,0.9206540555017138,91,92.07
Agate & 4th,4st,After - Indirect,indirect,true,true,false,true,false,,,11000,1386.0,1.7145964510130736,0.24881787985196718,1.9634143308650407,0.043195115279030895,0.6446440000000001,1.0,0.022,1.2657032679061635,0.027845471893935596,0.922833003068408,92,92.28
Agate & 4th,4st,After - Indirect,indirect,true,true,false,true,false,,,11000,1386.0,1.7145964510130736,0.24881787985196718,1.9634143308650407,0.043195115279030895,0.6446440000000001,1.0,0.022,1.2657032679061635,0.027845471893935596,0.924952113770995,93,92.5
Agate & 4th,4st,After - Indirect,indirect,true,true,false,true,false,,,11000,1386.0,1.7145964510130736,0.24881787985196718,1.9634143308650407,0.043195115279030895,0.6446440000000001,1.0,0.022,1.2657032679061635,0.027845471893935596,0.9270130308111565,94,92.7
Agate & 4th,4st,After - Indirect,indirect,true,true,false,true,false,,,11000,1386.0,1.7145964510130736,0.24881787985196718,1.9634143308650407,0.043195115279030895,0.6446440000000001,1.0,0.022,1.2657032679061635,0.027845471893935596,0.9290173522660212,95,92.9
Agate & 4th,4st,After - Indirect,indirect,true,true,false,true,false,,,11000,1386.0,1.7145964510130736,0.24881787985196718,1.9634143308650407,0.043195115279030895,0.6446440000000001,1.0,0.022,1.2657032679061635,0.027845471893935596,0.9309666323273456,96,93.1
Agate & 4th,4st,After - Indirect,indirect,true,true,false,true,false,,,11000,1386.0,1.7145964510130736,0.24881787985196718,1.9634143308650407,0.043195115279030895,0.6446440000000001,1.0,0.022,1.2657032679061635,0.027845471893935596,0.9328623825066669,97,93.29
Agate & 4th,4st,After - Indirect,indirect,true,true,false,true,false,,,11000,1386.0,1.7145964510130736,0.24881787985196718,1.9634143308650407,0.043195115279030895,0.6446440000000001,1.0,0.022,1.2657032679061635,0.027845471893935596,0.934706072807359,98,93.47
Agate & 4th,4st,After - Indirect,indirect,true,true,false,true,false,,,11000,1386.0,1.7145964510130736,0.24881787985196718,1.9634143308650407,0.043195115279030895,0.6446440000000001,1.0,0.022,1.2657032679061635,0.027845471893935596,0.9364991328645038,99,93.65
Agate & 4th,4st,After - Indirect,indirect,true,true,false,true,false,,,11000,1386.0,1.7145964510130736,0.24881787985196718,1.9634143308650407,0.043195115279030895,0.6446440000000001,1.0,0.022,1.2657032679061635,0.027845471893935596,0.9382429530534594,100,93.82
Agate & 4th,4sg,After - Direct,direct,true,true,false,false,false,145.32,5,11000,1386.0,1.879314047194549,0.14530362123338905,2.024617668427938,0.021103169198033497,0.8372,1.0,,1.6950099120078699,0.021103169198033497,0.020882055454647164,1,2.09
Agate & 4th,4sg,After - Direct,direct,true,true,false,false,false,145.32,5,11000,1386.0,1.879314047194549,0.14530362123338905,2.024617668427938,0.021103169198033497,0.8372,1.0,,1.6950099120078699,0.021103169198033497,0.04132805066928347,2,4.13
Agate & 4th,4sg,After - Direct,direct,true,true,false,false,false,145.32,5,11000,1386.0,1.879314047194549,0.14530362123338905,2.024617668427938,0.021103169198033497,0.8372,1.0,,1.6950099120078699,0.021103169198033497,0.0613470914780222,3,6.13
Agate & 4th,4sg,After - Direct,direct,true,true,false,false,false,145.32,5,11000,1386.0,1.879314047194549,0.14530362123338905,2.024617668427938,0.021103169198033497,0.8372,1.0,,1.6950099120078699,0.021103169198033497,0.08094809356644395,4,8.09
Agate & 4th,4sg,After - Direct,direct,true,true,false,false,false,145.32,5,11000,1386.0,1.879314047194549,0.14530362123338905,2.024617668427938,0.021103169198033497,0.8372,1.0,,1.6950099120078699,0.021103169198033497,0.10013978644228871,5,10.01
Agate & 4th,4sg,After - Direct,direct,true,true,false,false,false,145.32,5,11000,1386.0,1.879314047194549,0.14530362123338905,2.024617668427938,0.021103169198033497,0.8372,1.0,,1.6950099120078699,0.021103169198033497,0.11893071732323157,6,11.89
Agate & 4th,4sg,After - Direct,direct,true,true,false,false,false,145.32,5,11000,1386.0,1.879314047194549,0.14530362123338905,2.024617668427938,0.021103169198033497,0.8372,1.0,,1.6950099120078699,0.021103169198033497,0.13732925494347403,7,13.73
Agate & 4th,4sg,After - Direct,direct,true,true,false,false,false,145.32,5,11000,1386.0,1.879314047194549,0.14530362123338905,2.024617668427938,0.021103169198033497,0.8372,1.0,,1.6950099120078699,0.021103169198033497,0.15534359328084624,8,15.53
Agate & 4th,4sg,After - Direct,direct,true,true,false,false,false,145.32,5,11000,1386.0,1.879314047194549,0.14530362123338905,2.024617668427938,0.021103169198033497,0.8372,1.0,,1.6950099120078699,0.021103169198033497,0.1729817552060786,9,17.3
Agate & 4th,4sg,After - Direct,direct,true,true,false,false,false,145.32,5,11000,1386.0,1.879314047194549,0.14530362123338905,2.024617668427938,0.021103169198033497,0.8372,1.0,,1.6950099120078699,0.021103169198033497,0.19025159605587028,10,19.03
Agate & 4th,4sg,After - Direct,direct,true,true,false,false,false,145.32,5,11000,1386.0,1.879314047194549,0.14530362123338905,2.024617668427938,0.021103169198033497,0.8372,1.0,,1.6950099120078699,0.021103169198033497,0.20716080713134366,11,20.72
Agate & 4th,4sg,After - Direct,direct,true,true,false,false,false,145.32,5,11000,1386.0,1.879314047194549,0.14530362123338905,2.024617668427938,0.021103169198033497,0.8372,1.0,,1.6950099120078699,0.021103169198033497,0.2237169191234447,12,22.37
Agate & 4th,4sg,After - Direct,direct,true,true,false,false,false,145.32,5,11000,1386.0,1.879314047194549,0.14530362123338905,2.024617668427938,0.021103169198033497,0.8372,1.0,,1.6950099120078699,0.021103169198033497,0.2399273054668133,13,23.99
Agate & 4th,4sg,After - Direct,direct,true,true,false,false,false,145.32,5,11000,1386.0,1.879314047194549,0.14530362123338905,2.024617668427938,0.021103169198033497,0.8372,1.0,,1.6950099120078699,0.021103169198033497,0.25579918562361836,14,25.58
Agate & 4th,4sg,After - Direct,direct,true,true,false,false,false,145.32,5,11000,1386.0,1.879314047194549,0.14530362123338905,2.024617668427938,0.021103169198033497,0.8372,1.0,,1.6950099120078699,0.021103169198033497,0.27133962829881964,15,27.13
Agate & 4th,4sg,After - Direct,direct,true,true,false,false,false,145.32,5,11000,1386.0,1.879314047194549,0.14530362123338905,2.024617668427938,0.021103169198033497,0.8372,1.0,,1.6950099120078699,0.021103169198033497,0.2865555545882875,16,28.66
Agate & 4th,4sg,After - Direct,direct,true,true,false,false,false,145.32,5,11000,1386.0,1.879314047194549,0.14530362123338905,2.024617668427938,0.021103169198033497,0.8372,1.0,,1.6950099120078699,0.021103169198033497,0.30145374106118483,17,30.15
Agate & 4th,4sg,After - Direct,direct,true,true,false,false,false,145.32,5,11000,1386.0,1.879314047194549,0.14530362123338905,2.024617668427938,0.021103169198033497,0.8372,1.0,,1.6950099120078699,0.021103169198033497,0.3160408227779815,18,31.6
Agate & 4th,4sg,After - Direct,direct,true,true,false,false,false,145.32,5,11000,1386.0,1.879314047194549,0.14530362123338905,2.024617668427938,0.021103169198033497,0.8372,1.0,,1.6950099120078699,0.021103169198033497,0.33032329624544665,19,33.03
Agate & 4th,4sg,After - Direct,direct,true,true,false,false,false,145.32,5,11000,1386.0,1.879314047194549,0.14530362123338905,2.024617668427938,0.021103169198033497,0.8372,1.0,,1.6950099120078699,0.021103169198033497,0.34430752230993455,20,34.43
Agate & 4th,4sg,After - Direct,direct,true,true,false,false,false,145.32,5,11000,1386.0,1.879314047194549,0.14530362123338905,2.024617668427938,0.021103169198033497,0.8372,1.0,,1.6950099120078699,0.021103169198033497,0.35799972899025345,21,35.8
Agate & 4th,4sg,After - Direct,direct,true,true,false,false,false,145.32,5,11000,1386.0,1.879314047194549,0.14530362123338905,2.024617668427938,0.021103169198033497,0.8372,1.0,,1.6950099120078699,0.021103169198033497,0.37140601425137754,22,37.14
Agate & 4th,4sg,After - Direct,direct,true,true,false,false,false,145.32,5,11000,1386.0,1.879314047194549,0.14530362123338905,2.024617668427938,0.021103169198033497,0.8372,1.0,,1.6950099120078699,0.021103169198033497,0.384532348720238,23,38.45
Agate & 4th,4sg,After - Direct,direct,true,true,false,false,false,145.32,5,11000,1386.0,1.879314047194549,0.14530362123338905,2.024617668427938,0.021103169198033497,0.8372,1.0,,1.6950099120078699,0.021103169198033497,0.39738457834480345,24,39.74
Agate & 4th,4sg,After - Direct,direct,true,true,false,false,false,145.32,5,11000,1386.0,1.879314047194549,0.14530362123338905,2.024617668427938,0.021103169198033497,0.8372,1.0,,1.6950099120078699,0.021103169198033497,0.4099684269976328,25,41.0
Agate & 4th,4sg,After - Direct,direct,true,true,false,false,false,145.32,5,11000,1386.0,1.879314047194549,0.14530362123338905,2.024617668427938,0.021103169198033497,0.8372,1.0,,1.6950099120078699,0.021103169198033497,0.4222894990250611,26,42.23
Agate & 4th,4sg,After - Direct,direct,true,true,false,false,false,145.32,5,11000,1386.0,1.879314047194549,0.14530362123338905,2.024617668427938,0.021103169198033497,0.8372,1.0,,1.6950099120078699,0.021103169198033497,0.4343532817431517,27,43.44
Agate & 4th,4sg,After - Direct,direct,true,true,false,false,false,145.32,5,11000,1386.0,1.879314047194549,0.14530362123338905,2.024617668427938,0.021103169198033497,0.8372,1.0,,1.6950099120078699,0.021103169198033497,0.4461651478815304,28,44.62
Agate & 4th,4sg,After - Direct,direct,true,true,false,false,false,145.32,5,11000,1386.0,1.879314047194549,0.14530362123338905,2.024617668427938,0.021103169198033497,0.8372,1.0,,1.6950099120078699,0.021103169198033497,0.45773035797618467,29,45.77
Agate & 4th,4sg,After - Direct,direct,true,true,false,false,false,145.32,5,11000,1386.0,1.879314047194549,0.14530362123338905,2.024617668427938,0.021103169198033497,0.8372,1.0,,1.6950099120078699,0.021103169198033497,0.46905406271229755,30,46.91
Agate & 4th,4sg,After - Direct,direct,true,true,false,false,false,145.32,5,11000,1386.0,1.879314047194549,0.14530362123338905,2.024617668427938,0.021103169198033497,0.8372,1.0,,1.6950099120078699,0.021103169198033497,0.480141305218159,31,48.01
Agate & 4th,4sg,After - Direct,direct,true,true,false,false,false,145.32,5,11000,1386.0,1.879314047194549,0.14530362123338905,2.024617668427938,0.021103169198033497,0.8372,1.0,,1.6950099120078699,0.021103169198033497,0.4909970233111739,32,49.1
Agate & 4th,4sg,After - Direct,direct,true,true,false,false,false,145.32,5,11000,1386.0,1.879314047194549,0.14530362123338905,2.024617668427938,0.021103169198033497,0.8372,1.0,,1.6950099120078699,0.021103169198033497,0.5016260516969705,33,50.16
Agate & 4th,4sg,After - Direct,direct,true,true,false,false,false,145.32,5,11000,1386.0,1.879314047194549,0.14530362123338905,2.024617668427938,0.021103169198033497,0.8372,1.0,,1.6950099120078699,0.021103169198033497,0.5120331241225858,34,51.2
Agate & 4th,4sg,After - Direct,direct,true,true,false,false,false,145.32,5,11000,1386.0,1.879314047194549,0.14530362123338905,2.024617668427938,0.021103169198033497,0.8372,1.0,,1.6950099120078699,0.021103169198033497,0.5222228754846889,35,52.22
Agate & 4th,4sg,After - Direct,direct,true,true,false,false,false,145.32,5,11000,1386.0,1.879314047194549,0.14530362123338905,2.024617668427938,0.021103169198033497,0.8372,1.0,,1.6950099120078699,0.021103169198033497,0.5321998438937796,36,53.22
Agate & 4th,4sg,After - Direct,direct,true,true,false,false,false,145.32,5,11000,1386.0,1.879314047194549,0.14530362123338905,2.024617668427938,0.021103169198033497,0.8372,1.0,,1.6950099120078699,0.021103169198033497,0.5419684726952823,37,54.2
Agate & 4th,4sg,After - Direct,direct,true,true,false,false,false,145.32,5,11000,1386.0,1.879314047194549,0.14530362123338905,2.024617668427938,0.021103169198033497,0.8372,1.0,,1.6950099120078699,0.021103169198033497,0.5515331124484362,38,55.15
Agate & 4th,4sg,After - Direct,direct,true,true,false,false,false,145.32,5,11000,1386.0,1.879314047194549,0.14530362123338905,2.024617668427938,0.021103169198033497,0.8372,1.0,,1.6950099120078699,0.021103169198033497,0.5608980228638609,39,56.09
Agate & 4th,4sg,After - Direct,direct,true,true,false,false,false,145.32,5,11000,1386.0,1.879314047194549,0.14530362123338905,2.024617668427938,0.021103169198033497,0.8372,1.0,,1.6950099120078699,0.021103169198033497,0.570067374700663,40,57.01
Agate & 4th,4sg,After - Direct,direct,true,true,false,false,false,145.32,5,11000,1386.0,1.879314047194549,0.14530362123338905,2.024617668427938,0.021103169198033497,0.8372,1.0,,1.6950099120078699,0.021103169198033497,0.5790452516239257,41,57.9
Agate & 4th,4sg,After - Direct,direct,true,true,false,false,false,145.32,5,11000,1386.0,1.879314047194549,0.14530362123338905,2.024617668427938,0.021103169198033497,0.8372,1.0,,1.6950099120078699,0.021103169198033497,0.587835652023412,42,58.78
Agate & 4th,4sg,After - Direct,direct,true,true,false,false,false,145.32,5,11000,1386.0,1.879314047194549,0.14530362123338905,2.024617668427938,0.021103169198033497,0.8372,1.0,,1.6950099120078699,0.021103169198033497,0.5964424907942876,43,59.64
Agate & 4th,4sg,After - Direct,direct,true,true,false,false,false,145.32,5,11000,1386.0,1.879314047194549,0.14530362123338905,2.024617668427938,0.021103169198033497,0.8372,1.0,,1.6950099120078699,0.021103169198033497,0.6048696010806607,44,60.49
Agate & 4th,4sg,After - Direct,direct,true,true,false,false,false,145.32,5,11000,1386.0,1.879314047194549,0.14530362123338905,2.024617668427938,0.021103169198033497,0.8372,1.0,,1.6950099120078699,0.021103169198033497,0.6131207359827111,45,61.31
Agate & 4th,4sg,After - Direct,direct,true,true,false,false,false,145.32,5,11000,1386.0,1.879314047194549,0.14530362123338905,2.024617668427938,0.021103169198033497,0.8372,1.0,,1.6950099120078699,0.021103169198033497,0.6211995702281732,46,62.12
Agate & 4th,4sg,After - Direct,direct,true,true,false,false,false,145.32,5,11000,1386.0,1.879314047194549,0.14530362123338905,2.024617668427938,0.021103169198033497,0.8372,1.0,,1.6950099120078699,0.021103169198033497,0.6291097018089127,47,62.91
Agate & 4th,4sg,After - Direct,direct,true,true,false,false,false,145.32,5,11000,1386.0,1.879314047194549,0.14530362123338905,2.024617668427938,0.021103169198033497,0.8372,1.0,,1.6950099120078699,0.021103169198033497,0.6368546535833297,48,63.69
Agate & 4th,4sg,After - Direct,direct,true,true,false,false,false,145.32,5,11000,1386.0,1.879314047194549,0.14530362123338905,2.024617668427938,0.021103169198033497,0.8372,1.0,,1.6950099120078699,0.021103169198033497,0.6444378748452997,49,64.44
Agate & 4th,4sg,After - Direct,direct,true,true,false,false,false,145.32,5,11000,1386.0,1.879314047194549,0.14530362123338905,2.024617668427938,0.021103169198033497,0.8372,1.0,,1.6950099120078699,0.021103169198033497,0.6518627428603523,50,65.19
Agate & 4th,4sg,After - Direct,direct,true,true,false,false,false,145.32,5,11000,1386.0,1.879314047194549,0.14530362123338905,2.024617668427938,0.021103169198033497,0.8372,1.0,,1.6950099120078699,0.021103169198033497,0.6591325643697712,51,65.91
Agate & 4th,4sg,After - Direct,direct,true,true,false,false,false,145.32,5,11000,1386.0,1.879314047194549,0.14530362123338905,2.024617668427938,0.021103169198033497,0.8372,1.0,,1.6950099120078699,0.021103169198033497,0.666250577063285,52,66.63
Agate & 4th,4sg,After - Direct,direct,true,true,false,false,false,145.32,5,11000,1386.0,1.879314047194549,0.14530362123338905,2.024617668427938,0.021103169198033497,0.8372,1.0,,1.6950099120078699,0.021103169198033497,0.673219951021006,53,67.32
Agate & 4th,4sg,After - Direct,direct,true,true,false,false,false,145.32,5,11000,1386.0,1.879314047194549,0.14530362123338905,2.024617668427938,0.021103169198033497,0.8372,1.0,,1.6950099120078699,0.021103169198033497,0.6800437901252576,54,68.0
Agate & 4th,4sg,After - Direct,direct,true,true,false,false,false,145.32,5,11000,1386.0,1.879314047194549,0.14530362123338905,2.024617668427938,0.021103169198033497,0.8372,1.0,,1.6950099120078699,0.021103169198033497,0.6867251334429207,55,68.67
Agate & 4th,4sg,After - Direct,direct,true,true,false,false,false,145.32,5,11000,1386.0,1.879314047194549,0.14530362123338905,2.024617668427938,0.021103169198033497,0.8372,1.0,,1.6950099120078699,0.021103169198033497,0.6932669565789129,56,69.33
Agate & 4th,4sg,After - Direct,direct,true,true,false,false,false,145.32,5,11000,1386.0,1.879314047194549,0.14530362123338905,2.024617668427938,0.021103169198033497,0.8372,1.0,,1.6950099120078699,0.021103169198033497,0.6996721730014048,57,69.97
Agate & 4th,4sg,After - Direct,direct,true,true,false,false,false,145.32,5,11000,1386.0,1.879314047194549,0.14530362123338905,2.024617668427938,0.021103169198033497,0.8372,1.0,,1.6950099120078699,0.021103169198033497,0.7059436353393631,58,70.59
Agate & 4th,4sg,After - Direct,direct,true,true,false,false,false,145.32,5,11000,1386.0,1.879314047194549,0.14530362123338905,2.024617668427938,0.021103169198033497,0.8372,1.0,,1.6950099120078699,0.021103169198033497,0.7120841366529984,59,71.21
Agate & 4th,4sg,After - Direct,direct,true,true,false,false,false,145.32,5,11000,1386.0,1.879314047194549,0.14530362123338905,2.024617668427938,0.021103169198033497,0.8372,1.0,,1.6950099120078699,0.021103169198033497,0.7180964116776831,60,71.81
Agate & 4th,4sg,After - Direct,direct,true,true,false,false,false,145.32,5,11000,1386.0,1.879314047194549,0.14530362123338905,2.024617668427938,0.021103169198033497,0.8372,1.0,,1.6950099120078699,0.021103169198033497,0.7239831380418938,61,72.4
Agate & 4th,4sg,After - Direct,direct,true,true,false,false,false,145.32,5,11000,1386.0,1.879314047194549,0.14530362123338905,2.024617668427938,0.021103169198033497,0.8372,1.0,,1.6950099120078699,0.021103169198033497,0.7297469374597207,62,72.97
Agate & 4th,4sg,After - Direct,direct,true,true,false,false,false,145.32,5,11000,1386.0,1.879314047194549,0.14530362123338905,2.024617668427938,0.021103169198033497,0.8372,1.0,,1.6950099120078699,0.021103169198033497,0.7353903768984751,63,73.54
Agate & 4th,4sg,After - Direct,direct,true,true,false,false,false,145.32,5,11000,1386.0,1.879314047194549,0.14530362123338905,2.024617668427938,0.021103169198033497,0.8372,1.0,,1.6950099120078699,0.021103169198033497,0.7409159697219144,64,74.09
Agate & 4th,4sg,After - Direct,direct,true,true,false,false,false,145.32,5,11000,1386.0,1.879314047194549,0.14530362123338905,2.024617668427938,0.021103169198033497,0.8372,1.0,,1.6950099120078699,0.021103169198033497,0.7463261768095948,65,74.63
Agate & 4th,4sg,After - Direct,direct,true,true,false,false,false,145.32,5,11000,1386.0,1.879314047194549,0.14530362123338905,2.024617668427938,0.021103169198033497,0.8372,1.0,,1.6950099120078699,0.021103169198033497,0.7516234076528493,66,75.16
Agate & 4th,4sg,After - Direct,direct,true,true,false,false,false,145.32,5,11000,1386.0,1.879314047194549,0.14530362123338905,2.024617668427938,0.021103169198033497,0.8372,1.0,,1.6950099120078699,0.021103169198033497,0.7568100214278788,67,75.68
Agate & 4th,4sg,After - Direct,direct,true,true,false,false,false,145.32,5,11000,1386.0,1.879314047194549,0.14530362123338905,2.024617668427938,0.021103169198033497,0.8372,1.0,,1.6950099120078699,0.021103169198033497,0.7618883280464364,68,76.19
Agate & 4th,4sg,After - Direct,direct,true,true,false,false,false,145.32,5,11000,1386.0,1.879314047194549,0.14530362123338905,2.024617668427938,0.021103169198033497,0.8372,1.0,,1.6950099120078699,0.021103169198033497,0.7668605891845693,69,76.69
Agate & 4th,4sg,After - Direct,direct,true,true,false,false,false,145.32,5,11000,1386.0,1.879314047194549,0.14530362123338905,2.024617668427938,0.021103169198033497,0.8372,1.0,,1.6950099120078699,0.021103169198033497,0.7717290192898809,70,77.17
Agate & 4th,4sg,After - Direct,direct,true,true,false,false,false,145.32,5,11000,1386.0,1.879314047194549,0.14530362123338905,2.024617668427938,0.021103169198033497,0.8372,1.0,,1.6950099120078699,0.021103169198033497,0.7764957865677564,71,77.65
Agate & 4th,4sg,After - Direct,direct,true,true,false,false,false,145.32,5,11000,1386.0,1.879314047194549,0.14530362123338905,2.024617668427938,0.021103169198033497,0.8372,1.0,,1.6950099120078699,0.021103169198033497,0.7811630139469958,72,78.12
Agate & 4th,4sg,After - Direct,direct,true,true,false,false,false,145.32,5,11000,1386.0,1.879314047194549,0.14530362123338905,2.024617668427938,0.021103169198033497,0.8372,1.0,,1.6950099120078699,0.021103169198033497,0.7857327800252825,73,78.57
Agate & 4th,4sg,After - Direct,direct,true,true,false,false,false,145.32,5,11000,1386.0,1.879314047194549,0.14530362123338905,2.024617668427938,0.021103169198033497,0.8372,1.0,,1.6950099120078699,0.021103169198033497,0.7902071199949077,74,79.02
Agate & 4th,4sg,After - Direct,direct,true,true,false,false,false,145.32,5,11000,1386.0,1.879314047194549,0.14530362123338905,2.024617668427938,0.021103169198033497,0.8372,1.0,,1.6950099120078699,0.021103169198033497,0.794588026549164,75,79.46
Agate & 4th,4sg,After - Direct,direct,true,true,false,false,false,145.32,5,11000,1386.0,1.879314047194549,0.14530362123338905,2.024617668427938,0.021103169198033497,0.8372,1.0,,1.6950099120078699,0.021103169198033497,0.798877450769813,76,79.89
Agate & 4th,4sg,After - Direct,direct,true,true,false,false,false,145.32,5,11000,1386.0,1.879314047194549,0.14530362123338905,2.024617668427938,0.021103169198033497,0.8372,1.0,,1.6950099120078699,0.021103169198033497,0.8030773029960178,77,80.31
Agate & 4th,4sg,After - Direct,direct,true,true,false,false,false,145.32,5,11000,1386.0,1.879314047194549,0.14530362123338905,2.024617668427938,0.021103169198033497,0.8372,1.0,,1.6950099120078699,0.021103169198033497,0.8071894536751336,78,80.72
Agate & 4th,4sg,After - Direct,direct,true,true,false,false,false,145.32,5,11000,1386.0,1.879314047194549,0.14530362123338905,2.024617668427938,0.021103169198033497,0.8372,1.0,,1.6950099120078699,0.021103169198033497,0.8112157341957302,79,81.12
Agate & 4th,4sg,After - Direct,direct,true,true,false,false,false,145.32,5,11000,1386.0,1.879314047194549,0.14530362123338905,2.024617668427938,0.021103169198033497,0.8372,1.0,,1.6950099120078699,0.021103169198033497,0.8151579377032199,80,81.52
Agate & 4th,4sg,After - Direct,direct,true,true,false,false,false,145.32,5,11000,1386.0,1.879314047194549,0.14530362123338905,2.024617668427938,0.021103169198033497,0.8372,1.0,,1.6950099120078699,0.021103169198033497,0.8190178198984526,81,81.9
Agate & 4th,4sg,After - Direct,direct,true,true,false,false,false,145.32,5,11000,1386.0,1.879314047194549,0.14530362123338905,2.024617668427938,0.021103169198033497,0.8372,1.0,,1.6950099120078699,0.021103169198033497,0.8227970998196361,82,82.28
Agate & 4th,4sg,After - Direct,direct,true,true,false,false,false,145.32,5,11000,1386.0,1.879314047194549,0.14530362123338905,2.024617668427938,0.021103169198033497,0.8372,1.0,,1.6950099120078699,0.021103169198033497,0.8264974606079267,83,82.65
Agate & 4th,4sg,After - Direct,direct,true,true,false,false,false,145.32,5,11000,1386.0,1.879314047194549,0.14530362123338905,2.024617668427938,0.021103169198033497,0.8372,1.0,,1.6950099120078699,0.021103169198033497,0.8301205502570341,84,83.01
Agate & 4th,4sg,After - Direct,direct,true,true,false,false,false,145.32,5,11000,1386.0,1.879314047194549,0.14530362123338905,2.024617668427938,0.021103169198033497,0.8372,1.0,,1.6950099120078699,0.021103169198033497,0.8336679823471717,85,83.37
Agate & 4th,4sg,After - Direct,direct,true,true,false,false,false,145.32,5,11000,1386.0,1.879314047194549,0.14530362123338905,2.024617668427938,0.021103169198033497,0.8372,1.0,,1.6950099120078699,0.021103169198033497,0.8371413367636814,86,83.71
Agate & 4th,4sg,After - Direct,direct,true,true,false,false,false,145.32,5,11000,1386.0,1.879314047194549,0.14530362123338905,2.024617668427938,0.021103169198033497,0.8372,1.0,,1.6950099120078699,0.021103169198033497,0.8405421604006519,87,84.05
Agate & 4th,4sg,After - Direct,direct,true,true,false,false,false,145.32,5,11000,1386.0,1.879314047194549,0.14530362123338905,2.024617668427938,0.021103169198033497,0.8372,1.0,,1.6950099120078699,0.021103169198033497,0.8438719678498438,88,84.39
Agate & 4th,4sg,After - Direct,direct,true,true,false,false,false,145.32,5,11000,1386.0,1.879314047194549,0.14530362123338905,2.024617668427938,0.021103169198033497,0.8372,1.0,,1.6950099120078699,0.021103169198033497,0.8471322420752283,89,84.71
Agate & 4th,4sg,After - Direct,direct,true,true,false,false,false,145.32,5,11000,1386.0,1.879314047194549,0.14530362123338905,2.024617668427938,0.021103169198033497,0.8372,1.0,,1.6950099120078699,0.021103169198033497,0.8503244350734409,90,85.03
Agate & 4th,4sg,After - Direct,direct,true,true,false,false,false,145.32,5,11000,1386.0,1.879314047194549,0.14530362123338905,2.024617668427938,0.021103169198033497,0.8372,1.0,,1.6950099120078699,0.021103169198033497,0.853449968520443,91,85.34
Agate & 4th,4sg,After - Direct,direct,true,true,false,false,false,145.32,5,11000,1386.0,1.879314047194549,0.14530362123338905,2.024617668427938,0.021103169198033497,0.8372,1.0,,1.6950099120078699,0.021103169198033497,0.8565102344046793,92,85.65
Agate & 4th,4sg,After - Direct,direct,true,true,false,false,false,145.32,5,11000,1386.0,1.879314047194549,0.14530362123338905,2.024617668427938,0.021103169198033497,0.8372,1.0,,1.6950099120078699,0.021103169198033497,0.8595065956470151,93,85.95
Agate & 4th,4sg,After - Direct,direct,true,true,false,false,false,145.32,5,11000,1386.0,1.879314047194549,0.14530362123338905,2.024617668427938,0.021103169198033497,0.8372,1.0,,1.6950099120078699,0.021103169198033497,0.8624403867077264,94,86.24
Agate & 4th,4sg,After - Direct,direct,true,true,false,false,false,145.32,5,11000,1386.0,1.879314047194549,0.14530362123338905,2.024617668427938,0.021103169198033497,0.8372,1.0,,1.6950099120078699,0.021103169198033497,0.8653129141808155,95,86.53
Agate & 4th,4sg,After - Direct,direct,true,true,false,false,false,145.32,5,11000,1386.0,1.879314047194549,0.14530362123338905,2.024617668427938,0.021103169198033497,0.8372,1.0,,1.6950099120078699,0.021103169198033497,0.8681254573759165,96,86.81
Agate & 4th,4sg,After - Direct,direct,true,true,false,false,false,145.32,5,11000,1386.0,1.879314047194549,0.14530362123338905,2.024617668427938,0.021103169198033497,0.8372,1.0,,1.6950099120078699,0.021103169198033497,0.8708792688880489,97,87.09
Agate & 4th,4sg,After - Direct,direct,true,true,false,false,false,145.32,5,11000,1386.0,1.879314047194549,0.14530362123338905,2.024617668427938,0.021103169198033497,0.8372,1.0,,1.6950099120078699,0.021103169198033497,0.8735755751554732,98,87.36
Agate & 4th,4sg,After - Direct,direct,true,true,false,false,false,145.32,5,11000,1386.0,1.879314047194549,0.14530362123338905,2.024617668427938,0.021103169198033497,0.8372,1.0,,1.6950099120078699,0.021103169198033497,0.8762155770058985,99,87.62
Agate & 4th,4sg,After - Direct,direct,true,true,false,false,false,145.32,5,11000,1386.0,1.879314047194549,0.14530362123338905,2.024617668427938,0.021103169198033497,0.8372,1.0,,1.6950099120078699,0.021103169198033497,0.8788004501912828,100,87.88
